#{"t_start": 1646764174.899903, "env_id": null}
r,l,t
-26,26,0.037221
-17,17,0.039933
-5,5,0.040728
-599,200,0.067269
-96,96,0.077246
-40,40,0.081224
-34,34,0.084616
-89,89,0.092807
-61,61,0.098418
-38,38,0.101969
-11,11,0.103455
-173,173,0.124249
-35,35,0.128001
-10,10,0.130907
-6,6,0.13324
-85,85,0.143568
-8,8,0.144648
-17,17,0.146735
-66,66,0.172801
-107,107,0.182688
-9,9,0.183983
-4,4,0.184559
-8,8,0.185539
-68,68,0.191783
-6,6,0.192493
-126,126,0.208642
-599,200,0.232205
-19,19,0.234267
-125,125,0.245592
-17,17,0.247365
-7,7,0.248447
-42,42,0.252472
-599,200,0.276881
-56,56,0.289117
-13,13,0.290852
-16,16,0.292561
-43,43,0.296965
-193,193,0.316532
-145,145,0.329849
-599,200,0.346067
-35,35,0.349596
-91,91,0.35848
-118,118,0.373614
-599,200,0.40111
-19,19,0.403637
-33,33,0.407056
-28,28,0.409954
-27,27,0.412625
-4,4,0.413242
-17,17,0.415005
-15,15,0.416757
-39,39,0.420503
-29,29,0.423408
-107,107,0.432635
-14,14,0.434524
-19,19,0.438949
-41,41,0.444146
-7,7,0.445118
-46,46,0.449385
-5,5,0.450171
-7,7,0.451362
-19,19,0.453347
-29,29,0.456338
-12,12,0.458272
-12,12,0.459664
-3,3,0.460233
-6,6,0.461128
-24,24,0.463495
-145,145,0.481638
-24,24,0.484107
-9,9,0.485471
-6,6,0.48627
-70,70,0.492651
-19,19,0.494633
-62,62,0.505798
-61,61,0.516585
-27,27,0.519445
-4,4,0.520158
-7,7,0.521126
-51,51,0.52808
-26,26,0.531459
-42,42,0.535526
-19,19,0.537633
-10,10,0.538803
-23,23,0.543671
-43,43,0.548831
-28,28,0.551829
-35,35,0.55523
-4,4,0.556601
-102,102,0.573798
-8,8,0.575335
-85,85,0.583614
-58,58,0.592636
-8,8,0.593933
-36,36,0.597513
-86,86,0.605819
-30,30,0.609361
-15,15,0.610992
-29,29,0.614018
-83,83,0.621489
-110,110,0.631549
-48,48,0.654479
-8,8,0.656203
-599,200,0.676558
-91,91,0.685441
-75,75,0.692309
-193,193,0.709769
-47,47,0.713955
-21,21,0.715905
-41,41,0.719501
-80,80,0.727217
-16,16,0.7294
-76,76,0.740271
-28,28,0.743233
-56,56,0.752759
-6,6,0.754075
-73,73,0.765942
-15,15,0.76759
-599,200,0.786875
-3,3,0.787488
-13,13,0.78979
-24,24,0.79221
-4,4,0.792798
-22,22,0.795071
-21,21,0.797191
-33,33,0.802547
-61,61,0.810388
-5,5,0.811514
-42,42,0.81982
-15,15,0.822044
-4,4,0.82312
-15,15,0.824763
-31,31,0.827895
-20,20,0.830083
-12,12,0.831438
-76,76,0.838408
-599,200,0.861191
-599,200,0.888422
-18,18,0.890373
-21,21,0.89233
-16,16,0.894273
-111,111,0.904057
-7,7,0.905952
-82,82,0.915221
-44,44,0.919075
-26,26,0.921481
-135,135,0.940789
-70,70,0.947824
-100,100,0.957221
-34,34,0.960933
-27,27,0.963807
-19,19,0.965694
-70,70,0.972144
-73,73,0.983154
-42,42,0.987188
-8,8,0.988104
-40,40,1.006887
-179,179,1.023673
-68,68,1.030069
-36,36,1.033538
-12,12,1.03505
-80,80,1.041966
-35,35,1.045791
-4,4,1.047281
-599,200,1.072113
-23,23,1.074889
-12,12,1.076358
-40,40,1.080425
-166,166,1.096031
-22,22,1.098168
-87,87,1.105995
-34,34,1.116051
-17,17,1.118184
-84,84,1.128801
-37,37,1.134341
-63,63,1.141156
-76,76,1.148456
-28,28,1.151672
-50,50,1.156597
-182,182,1.172117
-7,7,1.173226
-63,63,1.178464
-8,8,1.179374
-15,15,1.180809
-96,96,1.193691
-73,73,1.199834
-13,13,1.201327
-13,13,1.202691
-26,26,1.205072
-144,144,1.231027
-39,39,1.235512
-6,6,1.236308
-103,103,1.249753
-29,29,1.252742
-109,109,1.268524
-34,34,1.272232
-147,147,1.286027
-49,49,1.290833
-25,25,1.293688
-10,10,1.295053
-196,196,1.317601
-7,7,1.318511
-85,85,1.331741
-32,32,1.335214
-28,28,1.338013
-2,2,1.338494
-31,31,1.341772
-189,189,1.363162
-37,37,1.366617
-17,17,1.36828
-50,50,1.372864
-39,39,1.376256
-26,26,1.378621
-43,43,1.386012
-41,41,1.390443
-68,68,1.401449
-7,7,1.402571
-33,33,1.406072
-7,7,1.407157
-11,11,1.408562
-80,80,1.416462
-24,24,1.418924
-78,78,1.426014
-13,13,1.42908
-66,66,1.436751
-83,83,1.44486
-2,2,1.445381
-599,200,1.466128
-6,6,1.466953
-118,118,1.476701
-15,15,1.478367
-22,22,1.480323
-50,50,1.484677
-178,178,1.505246
-20,20,1.512219
-65,65,1.520862
-599,200,1.53921
-78,78,1.546209
-97,97,1.555072
-599,200,1.574348
-27,27,1.577105
-15,15,1.578487
-7,7,1.579292
-187,187,1.594833
-21,21,1.596745
-14,14,1.599713
-53,53,1.607687
-3,3,1.608186
-9,9,1.609458
-18,18,1.61141
-11,11,1.612891
-3,3,1.613437
-24,24,1.6158
-13,13,1.61726
-14,14,1.618579
-44,44,1.622407
-7,7,1.623142
-16,16,1.625105
-5,5,1.625731
-170,170,1.643652
-12,12,1.645645
-6,6,1.646735
-14,14,1.648686
-45,45,1.653515
-154,154,1.670576
-17,17,1.67645
-14,14,1.678109
-72,72,1.684962
-7,7,1.685845
-88,88,1.693793
-5,5,1.694759
-32,32,1.697677
-76,76,1.706623
-14,14,1.709686
-33,33,1.713869
-35,35,1.716945
-10,10,1.718047
-43,43,1.721717
-39,39,1.732183
-28,28,1.735476
-25,25,1.738752
-3,3,1.739673
-4,4,1.740475
-48,48,1.745867
-38,38,1.749609
-11,11,1.751309
-75,75,1.76193
-32,32,1.765083
-42,42,1.768977
-599,200,1.787
-17,17,1.788946
-9,9,1.793277
-21,21,1.795293
-124,124,1.811663
-9,9,1.813392
-4,4,1.815398
-8,8,1.81814
-39,39,1.823512
-29,29,1.826633
-135,135,1.838907
-82,82,1.852868
-176,176,1.870158
-3,3,1.870768
-3,3,1.871248
-63,63,1.87736
-599,200,1.893827
-40,40,1.897199
-7,7,1.89794
-87,87,1.909217
-14,14,1.910732
-8,8,1.9119
-599,200,1.931883
-185,185,1.953745
-5,5,1.954409
-6,6,1.955281
-18,18,1.957524
-30,30,1.961266
-50,50,1.966023
-2,2,1.966531
-7,7,1.967379
-25,25,1.972279
-12,12,1.974541
-180,180,1.990614
-149,149,2.004528
-22,22,2.006572
-13,13,2.007872
-26,26,2.010627
-7,7,2.011438
-35,35,2.017837
-15,15,2.019309
-42,42,2.023182
-8,8,2.024062
-13,13,2.02537
-34,34,2.028437
-8,8,2.029365
-4,4,2.029962
-21,21,2.03436
-73,73,2.042521
-47,47,2.049563
-90,90,2.059985
-10,10,2.061749
-29,29,2.064766
-159,159,2.082204
-10,10,2.083764
-20,20,2.085825
-13,13,2.087102
-599,200,2.104068
-31,31,2.1069
-30,30,2.109673
-16,16,2.111638
-2,2,2.112335
-17,17,2.114802
-20,20,2.117144
-102,102,2.138335
-2,2,2.138967
-23,23,2.146104
-15,15,2.14832
-35,35,2.151921
-19,19,2.15412
-112,112,2.164904
-47,47,2.170913
-9,9,2.17328
-106,106,2.183911
-8,8,2.184863
-168,168,2.201488
-41,41,2.206344
-4,4,2.20698
-13,13,2.208292
-21,21,2.210417
-10,10,2.211576
-59,59,2.217995
-93,93,2.226234
-2,2,2.226654
-11,11,2.227762
-13,13,2.229058
-28,28,2.231671
-23,23,2.233968
-6,6,2.23471
-11,11,2.23585
-25,25,2.239297
-15,15,2.242186
-49,49,2.255794
-18,18,2.257653
-41,41,2.26147
-57,57,2.266555
-101,101,2.27715
-48,48,2.281497
-2,2,2.281889
-16,16,2.283511
-8,8,2.284496
-66,66,2.291188
-2,2,2.29162
-10,10,2.292637
-599,200,2.312622
-79,79,2.321499
-30,30,2.324536
-15,15,2.326216
-3,3,2.326731
-20,20,2.328657
-54,54,2.333352
-107,107,2.343411
-49,49,2.347793
-15,15,2.349359
-41,41,2.354117
-185,185,2.387137
-135,135,2.399141
-3,3,2.399715
-46,46,2.403867
-41,41,2.407435
-166,166,2.421447
-17,17,2.424432
-46,46,2.428695
-98,98,2.437137
-61,61,2.442775
-13,13,2.444109
-17,17,2.445936
-13,13,2.447272
-70,70,2.453763
-8,8,2.454927
-9,9,2.456021
-78,78,2.475546
-37,37,2.480081
-4,4,2.480841
-9,9,2.482208
-61,61,2.488303
-162,162,2.505487
-109,109,2.516178
-16,16,2.517968
-63,63,2.524001
-44,44,2.528202
-23,23,2.531109
-4,4,2.53176
-17,17,2.533377
-10,10,2.534441
-89,89,2.542398
-132,132,2.554654
-9,9,2.555877
-41,41,2.560498
-599,200,2.583478
-113,113,2.593995
-31,31,2.597251
-599,200,2.613993
-9,9,2.615027
-23,23,2.617179
-19,19,2.618917
-70,70,2.625991
-110,110,2.637681
-131,131,2.650571
-21,21,2.652946
-5,5,2.653852
-109,109,2.664079
-21,21,2.666155
-4,4,2.666814
-71,71,2.673607
-145,145,2.691739
-27,27,2.694704
-2,2,2.695209
-14,14,2.697124
-33,33,2.700668
-15,15,2.702405
-66,66,2.708546
-140,140,2.720795
-14,14,2.722414
-36,36,2.72605
-25,25,2.728431
-64,64,2.734722
-47,47,2.73938
-17,17,2.741179
-48,48,2.745499
-114,114,2.755246
-119,119,2.765408
-7,7,2.766211
-6,6,2.766893
-11,11,2.768018
-32,32,2.770964
-30,30,2.773677
-68,68,2.784512
-19,19,2.787066
-70,70,2.794408
-10,10,2.795609
-79,79,2.803592
-88,88,2.81207
-20,20,2.814497
-13,13,2.815993
-50,50,2.820853
-89,89,2.829703
-157,157,2.844224
-16,16,2.845728
-19,19,2.847507
-92,92,2.855453
-169,169,2.870157
-5,5,2.87087
-23,23,2.87324
-183,183,2.895491
-599,200,2.914149
-24,24,2.916397
-19,19,2.918407
-79,79,2.925573
-34,34,2.928863
-3,3,2.929395
-19,19,2.931391
-182,182,2.947375
-12,12,2.949189
-17,17,2.950765
-7,7,2.951663
-31,31,2.955225
-11,11,2.957275
-26,26,2.960494
-134,134,2.974766
-599,200,2.995521
-58,58,3.000726
-2,2,3.001493
-170,170,3.016342
-5,5,3.017051
-185,185,3.035807
-35,35,3.040481
-9,9,3.042361
-97,97,3.052601
-23,23,3.05511
-7,7,3.055847
-145,145,3.068369
-128,128,3.085727
-99,99,3.095589
-106,106,3.106342
-13,13,3.108315
-54,54,3.113532
-132,132,3.125203
-9,9,3.126197
-11,11,3.12733
-8,8,3.128213
-7,7,3.129377
-599,200,3.14704
-43,43,3.150883
-48,48,3.155837
-151,151,3.17294
-37,37,3.176858
-10,10,3.178114
-18,18,3.180097
-48,48,3.187822
-42,42,3.191651
-16,16,3.193599
-9,9,3.194536
-65,65,3.20023
-9,9,3.201274
-46,46,3.205281
-19,19,3.207085
-81,81,3.214653
-24,24,3.216834
-90,90,3.225721
-2,2,3.226227
-25,25,3.22926
-58,58,3.234794
-89,89,3.242962
-2,2,3.243387
-100,100,3.253835
-136,136,3.266356
-52,52,3.270926
-101,101,3.2798
-139,139,3.294851
-5,5,3.295497
-7,7,3.296537
-80,80,3.303608
-35,35,3.307433
-135,135,3.320282
-114,114,3.331796
-100,100,3.341496
-4,4,3.342179
-23,23,3.344483
-599,200,3.362256
-27,27,3.364831
-87,87,3.372284
-11,11,3.373425
-11,11,3.374603
-94,94,3.387917
-12,12,3.389449
-100,100,3.400291
-20,20,3.402321
-19,19,3.404367
-44,44,3.408641
-9,9,3.409808
-47,47,3.414305
-49,49,3.418524
-82,82,3.425829
-33,33,3.428697
-51,51,3.433108
-18,18,3.434866
-29,29,3.437564
-11,11,3.438803
-24,24,3.44138
-4,4,3.44194
-24,24,3.444521
-43,43,3.4485
-75,75,3.456242
-11,11,3.457639
-2,2,3.458134
-30,30,3.461325
-43,43,3.46495
-41,41,3.468819
-599,200,3.489302
-599,200,3.505874
-8,8,3.507046
-2,2,3.507403
-36,36,3.511444
-10,10,3.513138
-11,11,3.514984
-21,21,3.517079
-20,20,3.519001
-599,200,3.536969
-4,4,3.537592
-16,16,3.539328
-2,2,3.540029
-4,4,3.540565
-50,50,3.544945
-5,5,3.545679
-33,33,3.548615
-7,7,3.549526
-25,25,3.551729
-26,26,3.554124
-10,10,3.555164
-48,48,3.561176
-63,63,3.567697
-46,46,3.572464
-10,10,3.573885
-84,84,3.585237
-5,5,3.585994
-77,77,3.592664
-42,42,3.596733
-35,35,3.599807
-194,194,3.616147
-30,30,3.61892
-87,87,3.626339
-58,58,3.631431
-129,129,3.642706
-164,164,3.660423
-75,75,3.668238
-182,182,3.687945
-149,149,3.700801
-99,99,3.709026
-121,121,3.720268
-11,11,3.721453
-15,15,3.723356
-89,89,3.730737
-4,4,3.731328
-5,5,3.731945
-50,50,3.736351
-36,36,3.739974
-31,31,3.743321
-599,200,3.762385
-24,24,3.764774
-10,10,3.765892
-599,200,3.787503
-36,36,3.791553
-7,7,3.792604
-9,9,3.793667
-24,24,3.796129
-9,9,3.797216
-45,45,3.801269
-128,128,3.813223
-599,200,3.83149
-41,41,3.835052
-8,8,3.836162
-22,22,3.838178
-97,97,3.846159
-122,122,3.857303
-18,18,3.859209
-99,99,3.870214
-134,134,3.887012
-20,20,3.889148
-47,47,3.8934
-12,12,3.894611
-38,38,3.898303
-24,24,3.900414
-19,19,3.902225
-3,3,3.90267
-11,11,3.903811
-30,30,3.906564
-8,8,3.907427
-16,16,3.909162
-5,5,3.909762
-5,5,3.910431
-14,14,3.912044
-21,21,3.914185
-7,7,3.914977
-4,4,3.915536
-112,112,3.927505
-3,3,3.928078
-31,31,3.93142
-32,32,3.934587
-173,173,3.950315
-162,162,3.964166
-8,8,3.965547
-21,21,3.96822
-125,125,3.98232
-124,124,3.993581
-599,200,4.0119
-19,19,4.013909
-24,24,4.016099
-599,200,4.032385
-8,8,4.033316
-23,23,4.035374
-22,22,4.03773
-45,45,4.042097
-11,11,4.04323
-89,89,4.050869
-5,5,4.051509
-43,43,4.055509
-5,5,4.056244
-9,9,4.057717
-36,36,4.061236
-103,103,4.077223
-188,188,4.094258
-56,56,4.099226
-24,24,4.101783
-4,4,4.102332
-96,96,4.111672
-10,10,4.112839
-152,152,4.125898
-129,129,4.137516
-22,22,4.139472
-125,125,4.149768
-79,79,4.156641
-135,135,4.172676
-45,45,4.177698
-6,6,4.178733
-12,12,4.180259
-50,50,4.18512
-41,41,4.189431
-14,14,4.191272
-13,13,4.192697
-56,56,4.197996
-47,47,4.202914
-105,105,4.211983
-599,200,4.229101
-17,17,4.230742
-55,55,4.235779
-45,45,4.239821
-90,90,4.24727
-71,71,4.253595
-3,3,4.254057
-16,16,4.255533
-15,15,4.257581
-78,78,4.267483
-24,24,4.269863
-36,36,4.273107
-80,80,4.282963
-11,11,4.284566
-36,36,4.288125
-36,36,4.291932
-30,30,4.294815
-112,112,4.304375
-74,74,4.313863
-34,34,4.317392
-49,49,4.322501
-5,5,4.323369
-105,105,4.333492
-89,89,4.341484
-30,30,4.344154
-19,19,4.345906
-127,127,4.356226
-5,5,4.356955
-36,36,4.36041
-9,9,4.361469
-135,135,4.378956
-146,146,4.393975
-8,8,4.39498
-6,6,4.396027
-599,200,4.416194
-14,14,4.417782
-12,12,4.419073
-5,5,4.419726
-599,200,4.436609
-169,169,4.45476
-36,36,4.459533
-71,71,4.466275
-111,111,4.479358
-4,4,4.479913
-16,16,4.482303
-25,25,4.485614
-5,5,4.48627
-16,16,4.487736
-8,8,4.488901
-6,6,4.489701
-27,27,4.49209
-43,43,4.49581
-67,67,4.501712
-2,2,4.502189
-9,9,4.503247
-134,134,4.516964
-29,29,4.519742
-59,59,4.527358
-13,13,4.529041
-5,5,4.529723
-125,125,4.542289
-60,60,4.547751
-21,21,4.549781
-40,40,4.554603
-2,2,4.55521
-34,34,4.5593
-34,34,4.562624
-5,5,4.563403
-73,73,4.570049
-61,61,4.578956
-43,43,4.58285
-67,67,4.591673
-15,15,4.59347
-52,52,4.598158
-599,200,4.616412
-15,15,4.618203
-43,43,4.62201
-47,47,4.626011
-36,36,4.629442
-2,2,4.62981
-30,30,4.632427
-97,97,4.640446
-70,70,4.647474
-29,29,4.650183
-167,167,4.667542
-22,22,4.669767
-23,23,4.671789
-25,25,4.677581
-39,39,4.681457
-98,98,4.694967
-28,28,4.69893
-19,19,4.700825
-25,25,4.703111
-43,43,4.712212
-16,16,4.715019
-126,126,4.727777
-85,85,4.73545
-599,200,4.75357
-599,200,4.774285
-15,15,4.776179
-108,108,4.795661
-24,24,4.798503
-9,9,4.799615
-8,8,4.800796
-75,75,4.808185
-38,38,4.812219
-39,39,4.816255
-52,52,4.821231
-43,43,4.825553
-85,85,4.834524
-46,46,4.841198
-7,7,4.842098
-101,101,4.855447
-61,61,4.861462
-107,107,4.870729
-13,13,4.872268
-62,62,4.878819
-33,33,4.881875
-47,47,4.886302
-10,10,4.887344
-103,103,4.902737
-36,36,4.916312
-19,19,4.918858
-5,5,4.919697
-155,155,4.934502
-35,35,4.938145
-5,5,4.938864
-13,13,4.940295
-68,68,4.946593
-43,43,4.950444
-21,21,4.955076
-12,12,4.957815
-21,21,4.960565
-16,16,4.962343
-30,30,4.965201
-22,22,4.967295
-10,10,4.968443
-17,17,4.970139
-19,19,4.974113
-38,38,4.982466
-112,112,4.993764
-20,20,4.995915
-13,13,4.997573
-9,9,4.999753
-22,22,5.004148
-7,7,5.005431
-76,76,5.013179
-49,49,5.017869
-33,33,5.021248
-106,106,5.03823
-39,39,5.042523
-66,66,5.048898
-24,24,5.051218
-26,26,5.053858
-4,4,5.054481
-7,7,5.055307
-40,40,5.059184
-28,28,5.061744
-13,13,5.063284
-70,70,5.069403
-30,30,5.072093
-76,76,5.082675
-104,104,5.097438
-43,43,5.10183
-54,54,5.108169
-18,18,5.110151
-8,8,5.111068
-25,25,5.113787
-20,20,5.115948
-32,32,5.119274
-36,36,5.125511
-25,25,5.12803
-95,95,5.135896
-7,7,5.136727
-18,18,5.138707
-81,81,5.147043
-24,24,5.152765
-54,54,5.157856
-56,56,5.163285
-61,61,5.168414
-13,13,5.171438
-5,5,5.172794
-23,23,5.176725
-15,15,5.178282
-39,39,5.181697
-40,40,5.185261
-36,36,5.18994
-18,18,5.19545
-26,26,5.199067
-53,53,5.204595
-142,142,5.221646
-36,36,5.225499
-23,23,5.22791
-24,24,5.230393
-60,60,5.235787
-44,44,5.239737
-27,27,5.242157
-73,73,5.248453
-108,108,5.258299
-5,5,5.259213
-38,38,5.276935
-90,90,5.288751
-60,60,5.294979
-42,42,5.2989
-88,88,5.307237
-7,7,5.308695
-54,54,5.314671
-9,9,5.315677
-44,44,5.320076
-59,59,5.325186
-32,32,5.330248
-7,7,5.331903
-599,200,5.354934
-70,70,5.362851
-39,39,5.366496
-11,11,5.367683
-10,10,5.368775
-7,7,5.369697
-24,24,5.372297
-45,45,5.380232
-16,16,5.381909
-11,11,5.383111
-62,62,5.392571
-17,17,5.39448
-45,45,5.398579
-124,124,5.409078
-78,78,5.416653
-599,200,5.43299
-182,182,5.452605
-31,31,5.456076
-16,16,5.457921
-9,9,5.45907
-40,40,5.467589
-599,200,5.48607
-14,14,5.487642
-99,99,5.500805
-599,200,5.519275
-121,121,5.529305
-18,18,5.53118
-52,52,5.535775
-23,23,5.538408
-130,130,5.553963
-55,55,5.564814
-108,108,5.575695
-13,13,5.577196
-80,80,5.584408
-4,4,5.585062
-11,11,5.586222
-65,65,5.595486
-8,8,5.596405
-63,63,5.605551
-36,36,5.609685
-69,69,5.615966
-5,5,5.617151
-41,41,5.620892
-124,124,5.630902
-53,53,5.635366
-18,18,5.63719
-76,76,5.643838
-8,8,5.644715
-27,27,5.647105
-35,35,5.653489
-15,15,5.655957
-24,24,5.659969
-150,150,5.675483
-56,56,5.680655
-83,83,5.688101
-599,200,5.709084
-35,35,5.712316
-3,3,5.71276
-43,43,5.716456
-21,21,5.719274
-3,3,5.720167
-599,200,5.738601
-89,89,5.748119
-68,68,5.755895
-44,44,5.760767
-94,94,5.769567
-152,152,5.783238
-24,24,5.785482
-87,87,5.794883
-37,37,5.798856
-5,5,5.799544
-68,68,5.811766
-81,81,5.820315
-13,13,5.822526
-27,27,5.825455
-155,155,5.839459
-5,5,5.840538
-599,200,5.857374
-3,3,5.857897
-56,56,5.863426
-8,8,5.864362
-76,76,5.870857
-57,57,5.876992
-77,77,5.883711
-25,25,5.886005
-14,14,5.88738
-66,66,5.89318
-49,49,5.897724
-24,24,5.899829
-5,5,5.900468
-81,81,5.911966
-13,13,5.913477
-14,14,5.914889
-103,103,5.925104
-11,11,5.927282
-162,162,5.942267
-11,11,5.943588
-106,106,5.952395
-22,22,5.954463
-36,36,5.957863
-26,26,5.9604
-23,23,5.962742
-70,70,5.968691
-196,196,5.987832
-45,45,5.992351
-95,95,6.000708
-8,8,6.001945
-82,82,6.012172
-27,27,6.014815
-5,5,6.015479
-39,39,6.018903
-28,28,6.02184
-5,5,6.022677
-190,190,6.040493
-95,95,6.048884
-84,84,6.056179
-14,14,6.057905
-15,15,6.059412
-135,135,6.071474
-93,93,6.079884
-44,44,6.084085
-3,3,6.084547
-17,17,6.086232
-96,96,6.094503
-7,7,6.095333
-3,3,6.095806
-37,37,6.10273
-84,84,6.110339
-61,61,6.115788
-17,17,6.117464
-22,22,6.119438
-34,34,6.123595
-7,7,6.124902
-74,74,6.13342
-111,111,6.144661
-31,31,6.147996
-16,16,6.150039
-15,15,6.151632
-32,32,6.154998
-57,57,6.160944
-99,99,6.170375
-46,46,6.175332
-75,75,6.182939
-19,19,6.18506
-36,36,6.18944
-18,18,6.191381
-21,21,6.193917
-178,178,6.216626
-140,140,6.231179
-141,141,6.245312
-51,51,6.250371
-76,76,6.257359
-32,32,6.260425
-16,16,6.262278
-93,93,6.270799
-176,176,6.286394
-136,136,6.299299
-10,10,6.300585
-599,200,6.326465
-80,80,6.333994
-13,13,6.335469
-14,14,6.33695
-599,200,6.355063
-30,30,6.357748
-14,14,6.359296
-87,87,6.366565
-41,41,6.370388
-5,5,6.371112
-42,42,6.37472
-20,20,6.376531
-105,105,6.385513
-50,50,6.390277
-42,42,6.395094
-10,10,6.396448
-18,18,6.398263
-18,18,6.399986
-25,25,6.402831
-16,16,6.40468
-24,24,6.407358
-56,56,6.415965
-158,158,6.429625
-9,9,6.430667
-17,17,6.432336
-11,11,6.43352
-76,76,6.441423
-2,2,6.44212
-58,58,6.447835
-197,197,6.46474
-38,38,6.468418
-11,11,6.469613
-58,58,6.475212
-3,3,6.475679
-73,73,6.482071
-50,50,6.486456
-19,19,6.488205
-19,19,6.490037
-21,21,6.492307
-64,64,6.498611
-88,88,6.512027
-36,36,6.515198
-37,37,6.518442
-57,57,6.526064
-13,13,6.527919
-190,190,6.549572
-28,28,6.552415
-194,194,6.568964
-37,37,6.57247
-3,3,6.572915
-45,45,6.57684
-599,200,6.59401
-88,88,6.602675
-9,9,6.603802
-11,11,6.605125
-47,47,6.613675
-121,121,6.62427
-53,53,6.628912
-88,88,6.636637
-8,8,6.637605
-45,45,6.641658
-33,33,6.644526
-192,192,6.664592
-42,42,6.669204
-130,130,6.681998
-18,18,6.683902
-12,12,6.685232
-7,7,6.686101
-182,182,6.702855
-6,6,6.703605
-152,152,6.7222
-69,69,6.729389
-14,14,6.73091
-3,3,6.731452
-10,10,6.732585
-128,128,6.743617
-43,43,6.747494
-9,9,6.748951
-20,20,6.751951
-31,31,6.755423
-35,35,6.758697
-43,43,6.762969
-78,78,6.769688
-26,26,6.772144
-38,38,6.775858
-24,24,6.778606
-201,201,6.798311
-5,5,6.79905
-23,23,6.801482
-13,13,6.802817
-31,31,6.805839
-8,8,6.806756
-64,64,6.81788
-66,66,6.824531
-144,144,6.837836
-12,12,6.839159
-5,5,6.839799
-73,73,6.846034
-9,9,6.847206
-22,22,6.849447
-56,56,6.855535
-13,13,6.856859
-14,14,6.858446
-34,34,6.861491
-22,22,6.863783
-18,18,6.865587
-53,53,6.870237
-15,15,6.871699
-145,145,6.885757
-185,185,6.902759
-159,159,6.920253
-31,31,6.923339
-38,38,6.927499
-136,136,6.939627
-159,159,6.953543
-46,46,6.958694
-42,42,6.962487
-18,18,6.964202
-48,48,6.968671
-46,46,6.972939
-2,2,6.973381
-198,198,6.990468
-34,34,6.994325
-10,10,6.995676
-15,15,6.997393
-112,112,7.007614
-162,162,7.026263
-102,102,7.035129
-2,2,7.035776
-36,36,7.039041
-77,77,7.045691
-12,12,7.046877
-22,22,7.048863
-10,10,7.049942
-4,4,7.050449
-188,188,7.068125
-30,30,7.070781
-13,13,7.072201
-599,200,7.090269
-13,13,7.09171
-87,87,7.099324
-21,21,7.101492
-16,16,7.103051
-92,92,7.114531
-19,19,7.116301
-28,28,7.118891
-85,85,7.125957
-36,36,7.129028
-21,21,7.131168
-4,4,7.131742
-74,74,7.137883
-61,61,7.143161
-7,7,7.143984
-599,200,7.164703
-31,31,7.167916
-14,14,7.169428
-35,35,7.173291
-37,37,7.176811
-599,200,7.193913
-13,13,7.195334
-12,12,7.196503
-30,30,7.199181
-15,15,7.204307
-63,63,7.210572
-32,32,7.213644
-90,90,7.221272
-81,81,7.22801
-102,102,7.236591
-57,57,7.24175
-2,2,7.24213
-78,78,7.248811
-4,4,7.249452
-599,200,7.269886
-55,55,7.275685
-599,200,7.293246
-21,21,7.29523
-17,17,7.300449
-100,100,7.308718
-599,200,7.326711
-8,8,7.327755
-31,31,7.330608
-136,136,7.34358
-74,74,7.350939
-64,64,7.357328
-7,7,7.358299
-167,167,7.3759
-57,57,7.38077
-9,9,7.381813
-6,6,7.382773
-63,63,7.388023
-12,12,7.389266
-24,24,7.39148
-14,14,7.392852
-11,11,7.394096
-31,31,7.400965
-179,179,7.41721
-599,200,7.434344
-39,39,7.43795
-101,101,7.446846
-30,30,7.449557
-99,99,7.458267
-8,8,7.45918
-53,53,7.464342
-52,52,7.469503
-36,36,7.472878
-66,66,7.479959
-81,81,7.486758
-70,70,7.497545
-19,19,7.499525
-32,32,7.502364
-7,7,7.503125
-107,107,7.512197
-11,11,7.513402
-10,10,7.514455
-9,9,7.515455
-87,87,7.523228
-599,200,7.541928
-14,14,7.543349
-18,18,7.545518
-37,37,7.548821
-33,33,7.551809
-5,5,7.552402
-126,126,7.56352
-104,104,7.573527
-13,13,7.575137
-159,159,7.593733
-98,98,7.601788
-18,18,7.603439
-599,200,7.619891
-11,11,7.621133
-32,32,7.624138
-11,11,7.625378
-17,17,7.626966
-78,78,7.633476
-8,8,7.634381
-78,78,7.641609
-49,49,7.646224
-38,38,7.649701
-3,3,7.650513
-13,13,7.651805
-42,42,7.655751
-36,36,7.659193
-97,97,7.669631
-39,39,7.673919
-4,4,7.674539
-20,20,7.676465
-170,170,7.695965
-24,24,7.69819
-42,42,7.702068
-29,29,7.704703
-11,11,7.705861
-7,7,7.70666
-37,37,7.709939
-7,7,7.710856
-11,11,7.712085
-14,14,7.713568
-13,13,7.715005
-106,106,7.724336
-18,18,7.727614
-10,11,7.730308
-4,4,7.73098
-7,7,7.731945
-16,16,7.733829
-12,12,7.73521
-12,12,7.736624
-24,24,7.73915
-106,106,7.749235
-20,20,7.751212
-117,117,7.761666
-46,46,7.766198
-151,151,7.779386
-85,85,7.790698
-66,66,7.796299
-25,25,7.798656
-599,200,7.815587
-3,3,7.816104
-2,2,7.81654
-90,90,7.824095
-42,42,7.828228
-14,14,7.829743
-115,115,7.839304
-39,39,7.842828
-9,9,7.843791
-8,8,7.844742
-189,189,7.862261
-14,14,7.864196
-34,34,7.867671
-132,132,7.879963
-51,51,7.889863
-65,65,7.896377
-12,12,7.897877
-55,55,7.902926
-60,60,7.908298
-112,112,7.917789
-12,12,7.919314
-14,14,7.920656
-22,22,7.922693
-51,51,7.927013
-35,35,7.930785
-128,128,7.941901
-41,41,7.945641
-176,176,7.961752
-17,17,7.964158
-33,33,7.967504
-58,58,7.97332
-167,167,7.991874
-17,17,7.993612
-11,11,7.994703
-90,90,8.002603
-29,29,8.005222
-22,22,8.007399
-30,30,8.01017
-3,3,8.010634
-137,137,8.022464
-29,29,8.025975
-15,15,8.027554
-74,74,8.035282
-133,133,8.047157
-69,69,8.05353
-20,20,8.055503
-35,35,8.058614
-5,5,8.05934
-55,55,8.064877
-32,32,8.067999
-58,58,8.072963
-56,56,8.081442
-66,66,8.087309
-14,14,8.088632
-2,2,8.089226
-83,83,8.096049
-114,114,8.105655
-52,52,8.110343
-37,37,8.114298
-7,7,8.115203
-100,100,8.124719
-15,15,8.126641
-133,133,8.140548
-9,9,8.141582
-5,5,8.14249
-22,22,8.144499
-5,5,8.145161
-2,2,8.145624
-17,17,8.147242
-36,36,8.150516
-21,21,8.152458
-15,15,8.154047
-25,25,8.156655
-14,14,8.15822
-56,56,8.163643
-11,11,8.165142
-174,174,8.184167
-13,13,8.185694
-45,45,8.190354
-61,61,8.196146
-9,9,8.197265
-23,23,8.199447
-38,38,8.202935
-599,200,8.219722
-8,8,8.22087
-112,112,8.230325
-21,21,8.232209
-28,28,8.234729
-15,15,8.236149
-69,69,8.242566
-76,76,8.249011
-51,51,8.253464
-14,14,8.254904
-10,10,8.256243
-100,100,8.265784
-142,142,8.281871
-88,88,8.289988
-7,7,8.291658
-79,79,8.298814
-13,13,8.30024
-43,43,8.304086
-65,65,8.309675
-12,12,8.310917
-4,4,8.311585
-2,2,8.312293
-33,33,8.316018
-55,55,8.320701
-36,36,8.323917
-97,97,8.332211
-117,117,8.345583
-2,2,8.346141
-60,60,8.352244
-41,41,8.356551
-13,13,8.358188
-6,6,8.359236
-13,13,8.360688
-94,94,8.369381
-17,17,8.371163
-19,19,8.377072
-3,3,8.377734
-599,200,8.395902
-23,23,8.398491
-599,200,8.414785
-20,20,8.416663
-65,65,8.422343
-32,32,8.42512
-100,100,8.433583
-27,27,8.436015
-146,146,8.451173
-19,19,8.45311
-16,16,8.454788
-21,21,8.457197
-5,5,8.457868
-100,100,8.466832
-112,112,8.483095
-25,25,8.485672
-192,192,8.504047
-139,139,8.515772
-50,50,8.520055
-5,5,8.52072
-41,41,8.524242
-63,63,8.529601
-15,15,8.530974
-37,37,8.534128
-45,45,8.538216
-150,150,8.552091
-19,19,8.554132
-85,85,8.56297
-7,7,8.563978
-14,14,8.565682
-9,9,8.566668
-104,104,8.580724
-11,11,8.582042
-34,34,8.585104
-127,127,8.596169
-9,9,8.597232
-161,161,8.611569
-18,18,8.613477
-9,9,8.614446
-193,193,8.630706
-10,10,8.631757
-13,13,8.633047
-161,161,8.646389
-98,98,8.656773
-11,11,8.658216
-6,6,8.658975
-11,11,8.660105
-16,16,8.661633
-97,97,8.675618
-55,55,8.681376
-63,63,8.687637
-34,34,8.691285
-97,97,8.70068
-125,125,8.712651
-5,5,8.713673
-599,200,8.731349
-18,18,8.733112
-30,30,8.735848
-26,26,8.73835
-16,16,8.739961
-26,26,8.742276
-140,140,8.754481
-99,99,8.768263
-3,3,8.76895
-10,10,8.77033
-20,20,8.772116
-12,12,8.773391
-21,21,8.775255
-47,47,8.779275
-44,44,8.783075
-6,6,8.783827
-75,75,8.790804
-20,20,8.79285
-2,2,8.793323
-14,14,8.795305
-13,13,8.79766
-36,36,8.801603
-49,49,8.806452
-164,164,8.822573
-33,33,8.825774
-3,3,8.826294
-599,200,8.843174
-12,12,8.844519
-84,84,8.85258
-599,200,8.875229
-40,40,8.879124
-9,9,8.880118
-13,13,8.881437
0,2,8.881843
-21,21,8.883788
-160,160,8.897241
-21,21,8.899154
-37,37,8.903254
-19,19,8.905692
-57,57,8.910736
-166,166,8.924796
-14,14,8.926385
-40,40,8.930322
-35,35,8.933839
-47,47,8.938298
-34,34,8.941579
-16,16,8.943135
-12,12,8.944417
-98,98,8.952672
-94,94,8.96904
-66,66,8.975782
-44,44,8.980336
-43,43,8.984501
-36,36,8.987899
-4,4,8.988457
-42,42,8.992147
-16,16,8.9938
-119,119,9.00361
-10,10,9.004637
-21,21,9.006898
-190,190,9.022804
-64,64,9.028708
-27,27,9.031525
-19,19,9.033786
-91,91,9.042232
-164,164,9.056194
-80,80,9.068109
-55,55,9.073069
-16,16,9.074607
-73,73,9.080873
-22,22,9.082834
-106,106,9.09167
-25,25,9.09404
-12,12,9.095229
-7,7,9.096014
-25,25,9.098313
-54,54,9.102916
-7,7,9.103748
-10,10,9.104892
-97,97,9.116679
-24,24,9.119115
-36,36,9.122604
-62,62,9.128321
-4,4,9.129095
-168,168,9.143693
-14,14,9.145303
-48,48,9.149737
-38,38,9.153599
-24,24,9.155957
-73,73,9.167436
-42,42,9.171971
-3,3,9.172588
-15,15,9.174476
-32,32,9.177795
-4,4,9.178434
-49,49,9.182955
-122,122,9.193068
-14,14,9.19441
-45,45,9.198235
-94,94,9.206303
-56,56,9.211056
-25,25,9.213437
-57,57,9.21867
-30,30,9.221494
-50,50,9.226492
-71,71,9.23319
-14,14,9.234735
-7,7,9.23548
-21,21,9.237556
-599,200,9.259001
-6,6,9.259842
-23,23,9.26208
-31,31,9.265474
-124,124,9.278012
-71,71,9.284135
-36,36,9.287346
-20,20,9.289281
-4,4,9.289929
-23,23,9.291984
-7,7,9.293018
-6,6,9.293757
-19,19,9.295551
-84,84,9.302524
-149,149,9.317201
-96,96,9.32654
-3,3,9.327214
-83,83,9.335052
-59,59,9.340646
-5,5,9.341465
-15,15,9.343321
-6,6,9.344019
-81,81,9.350944
-16,16,9.352549
-63,63,9.362844
-12,12,9.364402
-53,53,9.370587
-99,99,9.379945
-159,159,9.392768
-24,24,9.394897
-47,47,9.399147
-18,18,9.400812
-599,200,9.417572
-599,200,9.435699
-109,109,9.445476
-50,50,9.454967
-599,200,9.473459
-91,91,9.481168
-4,4,9.481698
-157,157,9.494327
-97,97,9.502545
-7,7,9.503336
-60,60,9.508502
-43,43,9.512347
-48,48,9.51649
-3,3,9.516928
-82,82,9.525833
-144,144,9.5389
-17,17,9.541214
-71,71,9.551394
-31,31,9.554442
-29,29,9.557151
-15,15,9.558549
-91,91,9.566504
-194,194,9.586907
-24,24,9.589585
-178,178,9.605202
-599,200,9.621538
-5,5,9.622204
-36,36,9.625279
-12,12,9.626649
-66,66,9.632236
-94,94,9.644406
-103,103,9.652919
-11,11,9.654057
-30,30,9.658199
-37,37,9.662174
-3,3,9.662891
-23,23,9.665261
-112,112,9.678972
-6,6,9.680535
-73,73,9.687615
-35,35,9.691628
-44,44,9.696407
-85,85,9.70439
-13,13,9.705905
-37,37,9.70949
-6,6,9.710182
-33,33,9.712991
-3,3,9.713547
-3,3,9.7142
-9,9,9.715178
-38,38,9.718471
-142,142,9.730558
-15,15,9.732018
-28,28,9.734587
-120,120,9.750494
-54,54,9.755591
-54,54,9.76099
-37,37,9.76453
-138,138,9.778054
-37,37,9.781517
-6,6,9.782305
-45,45,9.786091
-36,36,9.789921
-90,90,9.798067
-105,105,9.808361
-29,29,9.811211
-599,200,9.828053
-51,51,9.832363
-4,4,9.833202
-17,17,9.834782
-24,24,9.836887
-34,34,9.839854
-9,9,9.840807
-13,13,9.846421
-117,117,9.856521
-104,104,9.866296
-3,3,9.866939
-35,35,9.870184
-41,41,9.875133
-19,19,9.877587
-11,11,9.879017
-599,200,9.897581
-18,18,9.899328
-145,145,9.912321
-7,7,9.913194
-42,42,9.916843
-7,7,9.917701
-13,13,9.918999
-7,7,9.920488
-28,28,9.923162
-162,162,9.936975
-56,56,9.946465
-8,8,9.947417
-16,16,9.948986
-116,116,9.958821
-12,12,9.960014
-30,30,9.962664
-165,165,9.976236
-38,38,9.980551
-23,23,9.982672
-45,45,9.987123
-65,65,9.993518
-18,18,9.995322
-5,5,9.99597
-146,146,10.009845
-25,25,10.012594
-3,3,10.013384
-41,41,10.017461
-55,55,10.022644
-2,2,10.023134
-99,99,10.03185
-105,105,10.045851
-71,71,10.052565
-12,12,10.053869
-14,14,10.055224
-17,17,10.056854
-21,21,10.058843
-55,55,10.06372
-7,7,10.064719
-3,3,10.065272
-5,5,10.065876
-41,41,10.069864
-101,101,10.078815
-3,3,10.079367
-8,8,10.080695
-13,13,10.082339
-16,16,10.084153
-79,79,10.091649
-37,37,10.09584
-4,4,10.096433
-6,6,10.097251
-46,46,10.101288
-85,85,10.109067
-11,11,10.110349
-71,71,10.116411
-4,4,10.117085
-58,58,10.122244
-152,152,10.135185
-20,20,10.13728
-33,33,10.144498
-7,7,10.145416
-146,146,10.157654
-19,19,10.159498
-16,16,10.161186
-2,2,10.161601
-6,6,10.162362
-599,200,10.179686
-88,88,10.187699
-58,58,10.193148
-73,73,10.200674
-13,13,10.202142
-599,200,10.219338
-10,10,10.220467
-23,23,10.22267
-118,118,10.236128
-57,57,10.240978
-75,75,10.247369
-196,196,10.263441
-7,7,10.26442
-22,22,10.266839
-14,14,10.268376
-196,196,10.28571
-51,51,10.290975
-9,9,10.292159
-2,2,10.292734
-73,73,10.300579
-9,9,10.301779
-24,24,10.30429
-86,86,10.3134
-26,26,10.316478
-99,99,10.325884
-30,30,10.329214
-16,16,10.330966
-53,53,10.340783
-6,6,10.341837
-19,19,10.344009
-45,45,10.348614
-5,5,10.349485
-64,64,10.356385
-67,67,10.363193
-599,200,10.383093
-34,34,10.387114
-3,3,10.387881
-59,59,10.393383
-30,30,10.396258
-37,37,10.399879
-38,38,10.40414
-25,25,10.406487
-97,97,10.414727
-4,4,10.415314
-49,49,10.420649
-47,47,10.425472
-30,30,10.4285
-16,16,10.43025
-81,81,10.449275
-35,35,10.490502
-22,22,10.510247
-127,127,10.623024
-29,29,10.65384
-39,39,10.699213
-34,34,10.734465
-26,26,10.75342
-28,28,10.778786
-9,9,10.787364
-86,86,10.871027
-8,8,10.872992
-599,200,11.059923
-65,65,11.12028
-32,32,11.161121
-63,63,11.221797
-21,21,11.240599
-12,12,11.257981
-14,14,11.269039
-23,23,11.28872
-177,177,11.461651
-20,20,11.480711
-72,72,11.549532
-15,15,11.567215
-6,6,11.570191
-7,7,11.57815
-11,11,11.592192
-9,9,11.607867
-23,23,11.630637
-25,25,11.657083
-29,29,11.686969
-10,10,11.696659
-11,11,11.706944
-13,13,11.716887
-599,200,11.909807
-68,68,11.976345
-21,21,11.995615
-40,40,12.031686
-41,41,12.071494
-13,13,12.082089
-5,5,12.090604
-50,50,12.138743
-25,25,12.161134
-132,132,12.286652
-12,12,12.296418
-28,28,12.329784
-45,45,12.370016
-23,23,12.392945
-34,34,12.426362
-27,27,12.452737
-31,31,12.482088
-122,122,12.59531
-93,93,12.684548
-21,21,12.703231
-2,2,12.704021
-3,3,12.711184
-3,3,12.712836
-47,47,12.764621
-34,34,12.793144
-90,90,12.876064
-131,131,12.99829
-63,63,13.060433
-9,9,13.06347
-74,74,13.139801
-21,21,13.163474
-49,49,13.217066
-8,8,13.226608
-10,10,13.235103
-599,200,13.432725
-91,91,13.519582
-74,74,13.586493
-98,98,13.68408
-67,67,13.754715
-16,16,13.766827
-101,101,13.871212
-599,200,14.063853
-4,4,14.072103
-32,32,14.101019
-40,40,14.135698
-22,22,14.15418
-76,76,14.224497
-31,31,14.253822
-124,124,14.384788
-25,25,14.412547
-11,11,14.423297
-72,72,14.495232
-45,45,14.539552
-30,30,14.568464
-16,16,14.578843
-50,50,14.625276
-90,90,14.716515
-120,120,14.825315
-47,47,14.872366
-599,200,15.059556
-11,11,15.070307
-75,75,15.147727
-127,127,15.267997
-92,92,15.357592
-124,124,15.474124
-10,10,15.485324
-17,17,15.497653
-70,70,15.564404
-9,9,15.572729
-599,200,15.762324
-40,40,15.804707
-110,110,15.907976
-16,16,15.925997
-11,11,15.934964
-197,197,16.123551
-9,9,16.133923
-148,148,16.274626
-50,50,16.320287
-599,200,16.507566
-599,200,16.703392
-23,23,16.737973
-21,21,16.760567
-42,42,16.795873
-33,33,16.827451
-6,7,16.835459
-20,20,16.854737
-3,3,16.855524
-29,29,16.885988
-54,54,16.942319
-44,44,16.982026
-47,47,17.038213
-17,17,17.051658
-24,24,17.078023
-16,16,17.09014
-40,40,17.127837
-15,15,17.146406
-11,11,17.156443
-3,3,17.157584
-16,16,17.174974
-35,35,17.205437
-104,104,17.321727
-30,30,17.354095
-36,36,17.38801
-120,120,17.508588
-29,29,17.53648
-119,119,17.654498
-84,84,17.746111
-35,35,17.777099
-14,14,17.795158
-7,7,17.797072
-37,37,17.844187
-40,40,17.883897
-4,4,17.885703
-22,22,17.911216
-26,26,17.934546
-103,103,18.033186
-11,11,18.049179
-75,75,18.12328
-182,182,18.303619
-47,47,18.352701
-112,112,18.468848
-10,10,18.47946
-29,29,18.509863
-56,56,18.568968
-21,21,18.589029
-23,23,18.609465
-599,200,18.804239
-40,40,18.847359
-20,20,18.866473
-107,107,18.977982
-7,7,18.980139
-68,68,19.059504
-174,174,19.236022
-34,34,19.271131
-7,7,19.279937
-599,200,19.482094
-79,79,19.558151
-21,21,19.575805
-174,174,19.749572
-26,26,19.779291
-48,48,19.842384
-111,111,19.950979
-112,112,20.061518
-54,54,20.110612
-22,22,20.130619
-43,43,20.179605
-27,27,20.203015
-8,8,20.21473
-22,22,20.235193
-74,74,20.317315
-26,26,20.341028
-40,40,20.386084
-34,34,20.421451
-88,88,20.510087
-125,125,20.634838
-30,30,20.665771
-200,200,20.866949
-153,153,21.014939
-10,10,21.025063
0,2,21.032966
-77,77,21.111852
-123,123,21.238102
-6,6,21.241073
-32,32,21.274158
-72,72,21.356161
-44,44,21.395994
-23,23,21.418491
-50,50,21.466945
-599,200,21.668205
-33,33,21.709178
-85,85,21.795048
-3,3,21.796661
-57,57,21.858127
-79,79,21.935061
-190,190,22.11974
-71,71,22.190333
-17,17,22.210845
-75,75,22.281785
-158,158,22.44657
-158,158,22.603958
-599,200,22.817341
-91,91,22.910791
-74,74,22.981316
-4,4,22.989208
-82,82,23.063346
-20,20,23.083426
-21,21,23.103036
-29,29,23.131788
-21,21,23.152748
-100,100,23.252471
-43,43,23.302609
-70,70,23.377617
-51,51,23.434619
-7,7,23.437399
-78,78,23.517223
-28,28,23.546713
-85,85,23.624416
-17,17,23.642728
-42,42,23.684079
-12,12,23.694926
-79,79,23.786417
-34,34,23.825823
-12,12,23.83941
-3,3,23.841842
-41,41,23.884919
-96,96,23.987903
-18,18,24.006102
-599,200,24.206975
-39,39,24.248925
-8,8,24.252179
-40,40,24.301182
-43,43,24.352503
-24,24,24.380815
-81,81,24.461227
-45,45,24.511899
-89,89,24.608036
-12,12,24.619379
-28,28,24.651541
-48,48,24.694458
-5,5,24.704268
-140,140,24.861796
-8,8,24.871414
-142,142,25.010736
-91,91,25.099399
-28,28,25.131139
-131,131,25.259549
-14,14,25.271384
-12,12,25.290673
-77,77,25.361012
-63,63,25.432683
-16,16,25.445609
-111,111,25.559201
-60,60,25.618973
-74,74,25.699602
-22,22,25.723388
-599,200,25.923022
-56,56,25.974929
-142,142,26.122316
-37,37,26.154845
-72,72,26.232744
-26,26,26.258273
-66,66,26.333276
-72,72,26.407224
-31,31,26.442616
-2,2,26.443999
-6,6,26.453485
-57,57,26.508718
-13,13,26.520266
-599,200,26.726095
-96,96,26.820846
-48,48,26.878322
-42,42,26.919832
-43,43,26.97242
-39,39,27.012546
-167,167,27.178737
-17,17,27.197487
-28,28,27.228517
-31,31,27.258574
-62,62,27.325624
-179,179,27.512509
-51,51,27.573629
-153,153,27.724751
-45,45,27.772141
-14,14,27.782333
-27,27,27.811935
-16,16,27.830157
-19,19,27.852303
-42,42,27.894348
-144,144,28.032916
-9,9,28.04208
-169,169,28.223474
-67,67,28.292097
-20,20,28.312292
-132,132,28.443323
-599,200,28.649295
-49,49,28.699896
-41,41,28.744871
-40,40,28.782924
-41,41,28.821719
-116,116,28.942372
-149,149,29.094421
-4,4,29.101878
-12,12,29.111261
-26,26,29.138381
-27,27,29.160907
-599,200,29.365283
-38,38,29.40567
-131,131,29.538947
-16,16,29.556212
-58,58,29.611473
-52,52,29.669805
-113,113,29.784215
-5,5,29.792914
-10,10,29.803085
-76,76,29.879131
-42,42,29.921093
-86,86,30.011343
-70,70,30.080351
-5,5,30.08896
-27,27,30.114698
-74,74,30.200466
-72,72,30.268802
-14,14,30.281634
-4,4,30.290693
-34,34,30.323127
-70,70,30.395065
-61,61,30.458915
-106,106,30.578254
-51,51,30.627082
-140,140,30.769485
-79,79,30.861444
-141,141,31.004353
-153,153,31.158977
-11,11,31.16964
-67,67,31.237197
-11,11,31.247822
-599,200,31.447314
-599,200,31.652299
-67,67,31.721839
-91,91,31.816506
-599,200,32.031379
-3,3,32.032608
-130,130,32.162169
-85,85,32.25145
-30,30,32.280803
-33,33,32.311472
-61,61,32.371186
-175,175,32.546589
-39,39,32.581428
-7,7,32.590846
-39,39,32.646078
-5,5,32.655362
-74,74,32.727824
-89,89,32.817336
-57,57,32.873897
-63,63,32.935147
-17,17,32.953481
-7,7,32.955773
-169,169,33.131656
-29,29,33.163479
-11,11,33.174842
-2,2,33.17678
-32,32,33.225622
-18,18,33.238834
-8,8,33.247657
-78,78,33.329287
-4,4,33.331608
-60,60,33.391452
-42,42,33.436896
-75,75,33.50798
-157,157,33.680835
-37,37,33.717072
-15,15,33.735003
-57,57,33.796652
-63,63,33.86022
-11,11,33.871665
-35,35,33.909971
-16,16,33.921257
-73,73,33.991011
-56,56,34.048943
-25,25,34.086658
-19,19,34.101082
-22,22,34.129755
-58,58,34.184123
-17,17,34.204179
-84,84,34.295897
-44,44,34.340925
-82,82,34.422058
-58,58,34.48291
-10,10,34.492023
-13,13,34.504633
-3,3,34.513701
-128,128,34.642255
-9,9,34.652259
-43,43,34.707903
-3,3,34.709208
-2,2,34.710245
-64,64,34.778517
-5,5,34.787049
-599,200,34.995571
-44,44,35.04149
-165,165,35.21333
-2,2,35.213922
-12,12,35.225365
-129,129,35.355173
-141,141,35.503542
-109,109,35.619446
-9,9,35.629704
-110,110,35.737402
-15,15,35.762201
-24,24,35.786533
-11,11,35.801667
-19,19,35.825488
-5,5,35.827817
-3,3,35.83562
-32,32,35.866008
-150,150,36.020847
-2,2,36.021628
-84,84,36.111794
-31,31,36.143933
-9,9,36.154534
-145,145,36.314199
-97,97,36.410849
-114,114,36.527054
-8,8,36.537975
-119,119,36.664479
-22,22,36.685285
-23,23,36.707563
-7,7,36.717821
-16,16,36.737311
-15,15,36.752966
-175,175,36.94177
-96,96,37.035403
-32,32,37.064304
-77,77,37.14454
-41,41,37.183008
-31,31,37.21292
-24,24,37.243951
-32,32,37.275809
-38,38,37.319911
-57,57,37.387869
-4,4,37.396142
-27,27,37.427049
-599,200,37.634719
-83,83,37.722029
-81,81,37.811475
-38,38,37.85674
-17,17,37.869346
-8,8,37.882596
-20,20,37.904603
-5,5,37.914311
-599,200,38.128592
-82,82,38.21319
0,2,38.214669
-6,6,38.224037
-177,177,38.406379
-113,113,38.533749
-8,8,38.54373
-74,74,38.616993
-100,100,38.722388
-26,26,38.75359
-175,175,38.947996
-35,35,38.991927
-60,60,39.059216
-27,27,39.08521
-8,8,39.095307
-10,10,39.106436
-18,18,39.128237
-8,8,39.137043
-42,42,39.17686
-106,106,39.291358
-150,150,39.449297
-12,12,39.467887
-67,67,39.534096
-3,3,39.542193
-95,95,39.639741
-2,2,39.640802
-139,139,39.791004
-2,2,39.792129
-7,7,39.802796
-599,200,40.016794
-56,56,40.081692
-105,105,40.188677
-16,16,40.205083
-34,34,40.235111
-31,31,40.268707
-33,33,40.308255
-122,122,40.431485
-4,4,40.433535
-57,57,40.493904
-3,3,40.496334
-17,17,40.516441
-71,71,40.593875
-43,43,40.635699
-599,200,40.847145
-104,104,40.958626
-599,200,41.171918
-599,200,41.378248
-112,112,41.493207
-171,171,41.671278
-149,149,41.83769
-132,132,41.970939
-22,22,41.993519
-76,76,42.076372
-51,51,42.130801
-24,24,42.157417
-23,23,42.187154
-9,9,42.197423
-4,4,42.199337
-36,36,42.238255
-37,37,42.280175
-10,10,42.290201
-94,94,42.391992
-599,200,42.601456
-28,28,42.631181
-10,10,42.642048
-10,10,42.652927
-39,39,42.687975
-6,6,42.697905
-7,7,42.70692
-599,200,42.926033
-599,200,43.127502
-30,30,43.154972
-77,77,43.231709
-6,6,43.24069
-23,23,43.260905
-23,23,43.290162
-38,38,43.326417
-5,5,43.33516
-8,8,43.344712
-65,65,43.419092
-67,67,43.490294
-10,10,43.500347
-131,131,43.629456
-14,14,43.641114
-87,87,43.735499
-46,46,43.787181
-29,29,43.818645
-85,85,43.906551
-599,200,44.109176
-28,28,44.146247
-127,127,44.281166
-168,168,44.454633
-72,72,44.53417
-599,200,44.738874
-71,71,44.813226
-198,198,45.017138
-4,4,45.018018
-36,36,45.059802
-130,130,45.195335
-7,7,45.196919
-18,18,45.218991
-8,8,45.231869
-113,113,45.355203
-45,45,45.4062
-3,3,45.407833
-599,200,45.623174
-52,52,45.675272
-599,200,45.893497
-599,200,46.102263
-49,49,46.160442
-31,31,46.193741
-157,157,46.361494
-14,14,46.377156
-25,25,46.407566
-16,16,46.420103
-14,14,46.440385
-15,15,46.453726
-74,74,46.532753
-132,132,46.668953
-5,5,46.670262
-69,69,46.758049
-7,7,46.767663
-60,60,46.832937
-9,9,46.844045
-35,35,46.876712
-28,28,46.90625
-147,147,47.060032
-599,200,47.267478
-34,34,47.299481
-13,13,47.318501
-3,3,47.320095
-80,80,47.413518
-88,88,47.513392
-117,117,47.629613
-32,32,47.669538
-67,67,47.735012
-11,11,47.747009
-43,43,47.800723
-53,53,47.855709
-162,162,48.032321
-12,12,48.043093
-35,35,48.081198
-162,162,48.250121
-55,55,48.314194
-4,4,48.316553
-3,3,48.317338
-98,98,48.423728
-2,2,48.424305
-6,6,48.432947
-33,33,48.477631
-36,36,48.522994
-26,26,48.552331
-38,38,48.594515
-36,36,48.635544
-89,89,48.72877
-13,13,48.741848
-46,46,48.792449
-97,97,48.893728
-9,9,48.903987
-34,34,48.949071
-65,65,49.013247
-8,8,49.023546
-3,3,49.025137
-97,97,49.130341
-49,49,49.18287
-13,13,49.194142
-5,5,49.202304
-8,8,49.205784
-2,2,49.213233
-29,29,49.240663
-599,200,49.461284
-599,200,49.676067
-599,200,49.898287
-6,6,49.907941
-10,10,49.919349
-182,182,50.111016
-7,7,50.120286
-121,121,50.245418
-130,130,50.380125
-24,24,50.405383
-66,66,50.480016
-12,12,50.491794
-89,89,50.587687
-4,4,50.596375
-31,31,50.627345
-2,2,50.6284
-38,38,50.668054
-30,30,50.705826
-84,84,50.787747
-88,88,50.891726
-25,25,50.915116
-600,201,51.126339
-22,22,51.157361
-75,75,51.233495
-46,46,51.286977
-12,12,51.300031
-4,4,51.301794
-42,42,51.351905
-599,200,51.558247
-4,4,51.560355
-52,52,51.622454
-3,3,51.624524
-11,11,51.642943
-599,200,51.863436
-45,45,51.910605
-44,44,51.956865
-77,77,52.038123
-4,4,52.045503
-54,54,52.099127
-97,97,52.210314
-127,127,52.336504
-16,16,52.357378
-105,105,52.470045
-18,18,52.492124
-57,57,52.554694
-599,200,52.769983
-38,38,52.813897
-43,43,52.863096
-3,3,52.864197
-45,45,52.923255
-19,19,52.943444
-40,40,52.985463
-24,24,53.008258
-37,37,53.048804
-113,113,53.163975
-9,9,53.175246
-3,3,53.177311
-64,64,53.249273
-105,105,53.354311
-36,36,53.400766
-47,47,53.452644
-74,74,53.529118
-22,22,53.551982
-128,128,53.687785
-157,157,53.855535
-57,57,53.911241
-8,8,53.921107
-34,34,53.967487
-159,159,54.125229
-599,200,54.344907
-85,85,54.437749
-43,43,54.479342
-16,16,54.499747
-7,7,54.508613
-68,68,54.574919
-4,4,54.583632
-50,50,54.635489
-4,4,54.636432
-30,30,54.668953
-88,88,54.773312
-45,45,54.814336
-4,4,54.823421
-46,46,54.868984
-3,3,54.87749
-64,64,54.943117
-84,84,55.037373
-14,14,55.049107
-41,41,55.090796
-11,11,55.102398
-34,34,55.153515
-28,28,55.17785
-18,18,55.196652
-81,81,55.282043
-63,63,55.355348
-7,7,55.357763
-117,117,55.483627
-4,4,55.485922
-44,44,55.536836
-157,157,55.70048
-33,33,55.743445
-22,22,55.7665
-93,93,55.862391
-144,144,56.019548
-7,7,56.023039
-73,73,56.10768
-41,41,56.150479
-24,24,56.172585
-21,21,56.194124
-599,200,56.409444
-68,68,56.495878
-160,160,56.67108
-599,200,56.893691
-166,166,57.080444
-153,153,57.250266
-24,24,57.273141
-81,81,57.360766
-54,54,57.424158
-599,200,57.641956
-22,22,57.666368
-8,8,57.67685
-38,38,57.726225
-3,3,57.727389
-25,25,57.750736
-28,28,57.78075
-49,49,57.835061
-25,25,57.865619
-72,72,57.943012
-73,73,58.016971
-90,90,58.115048
-125,125,58.268229
-17,17,58.281922
-71,71,58.362913
-37,37,58.404165
-40,40,58.445268
-599,200,58.659476
-35,35,58.704953
-20,20,58.728865
-599,200,58.949965
-3,3,58.951123
-59,59,59.022191
-599,200,59.233033
-23,23,59.255948
-30,30,59.288832
-124,124,59.432649
-96,96,59.530392
-15,15,59.551637
-138,138,59.694996
-17,17,59.717266
-29,29,59.751938
-34,34,59.792148
-191,191,60.01136
-31,31,60.04634
-34,34,60.079145
-5,5,60.089272
-46,46,60.133799
-47,47,60.186946
-29,29,60.219051
-73,73,60.292699
-83,83,60.376272
-19,19,60.402676
-70,70,60.486627
-599,200,60.70375
-7,7,60.713398
-3,3,60.715103
-599,200,60.931664
-59,59,60.997268
-599,200,61.205846
-50,50,61.259604
-45,45,61.312488
-4,4,61.314199
-181,181,61.521926
-33,33,61.556102
-110,110,61.679615
-5,5,61.688677
-28,28,61.72093
-23,23,61.742935
-13,13,61.754528
-20,20,61.775242
-138,138,61.929249
-36,36,61.979213
-42,42,62.025019
-19,19,62.046967
-12,12,62.059528
-83,83,62.145605
-51,51,62.202641
-68,68,62.276883
-35,35,62.316688
-3,3,62.31793
-599,200,62.533758
-74,74,62.619375
-43,43,62.672438
-86,86,62.768963
-27,27,62.799085
-115,115,62.92992
-20,20,62.952003
-91,91,63.044336
-81,81,63.135329
-118,118,63.266856
-56,56,63.32027
-91,91,63.424952
-32,32,63.460553
-80,80,63.544255
-599,200,63.759224
-163,163,63.945981
-23,23,63.970245
-64,64,64.036805
-28,28,64.068522
-149,149,64.231908
-112,112,64.354675
-93,93,64.467182
-10,10,64.478569
-4,4,64.480468
-73,73,64.554394
-17,17,64.575945
-104,104,64.684485
-96,96,64.790406
-54,54,64.852126
-12,12,64.870111
-25,25,64.894294
-74,74,64.989045
-57,57,65.044451
-11,11,65.055761
-36,36,65.098879
-51,51,65.154073
-8,8,65.164907
-599,200,65.37785
-5,5,65.380236
-51,51,65.433695
-17,17,65.453999
-599,200,65.674069
-97,97,65.777659
-53,53,65.832078
-22,22,65.858335
-20,20,65.877909
-31,31,65.910254
-25,25,65.941575
-26,26,65.97145
-2,2,65.972607
-22,22,66.001987
-140,140,66.159638
-43,43,66.205095
-21,21,66.226055
-129,129,66.363657
-44,44,66.417168
-45,45,66.464007
-53,53,66.520425
-178,178,66.714396
-16,16,66.734635
-10,10,66.747059
-33,33,66.778101
-56,56,66.85204
-101,101,66.961811
-176,176,67.158403
-599,200,67.38014
-44,44,67.431565
-6,6,67.433649
-67,67,67.505211
-43,43,67.548179
-37,37,67.590796
-85,85,67.699535
-59,59,67.765764
-123,123,67.901697
-51,51,67.956989
-10,10,67.968146
-100,100,68.071643
-9,9,68.082484
-5,5,68.084906
-80,80,68.171319
-599,200,68.391312
-9,9,68.402484
-187,187,68.618136
-48,48,68.672138
-8,8,68.683233
-52,52,68.741318
-191,191,68.955506
-599,200,69.172079
-168,168,69.357069
-20,20,69.380919
-4,4,69.382761
-96,96,69.495943
-58,58,69.553586
-77,77,69.638638
-148,148,69.800104
-599,200,70.023843
-8,8,70.033642
-88,88,70.133347
-27,27,70.158735
-173,173,70.356184
-34,34,70.391659
-62,62,70.470367
-12,12,70.482511
-37,37,70.525994
-88,88,70.628074
-45,45,70.672804
-13,13,70.690737
-46,46,70.736289
-17,17,70.755722
-51,51,70.809639
-66,66,70.891225
-16,16,70.905455
-4,4,70.915236
-23,23,70.943865
-7,7,70.953479
-22,22,70.977168
-33,33,71.009853
-32,32,71.042917
-5,5,71.052692
-10,10,71.063398
-102,102,71.177758
-75,75,71.269439
-30,30,71.302317
-3,3,71.303622
-66,66,71.370632
-41,41,71.422689
-599,200,71.649644
-178,178,71.839323
-21,21,71.865022
-138,138,72.019583
-40,40,72.063729
-38,38,72.105376
-6,6,72.116177
-13,13,72.128917
-4,4,72.130263
-26,26,72.162508
-14,14,72.173735
-88,88,72.268592
-33,33,72.300895
-116,116,72.433926
-599,200,72.654621
-2,2,72.655917
-44,44,72.721841
-51,51,72.777596
-196,196,72.988073
-12,12,73.006567
-17,17,73.020521
-80,80,73.108842
-4,4,73.117372
-20,20,73.140282
-177,177,73.322078
-35,35,73.375039
-67,67,73.451447
-39,39,73.488675
-145,145,73.647456
-74,74,73.725324
-171,171,73.920599
-166,166,74.102273
-599,200,74.318553
-61,61,74.387295
-161,161,74.563673
-184,184,74.791521
-8,8,74.793511
-115,115,74.931673
-22,22,74.952773
-155,155,75.126827
-3,3,75.1276
-599,200,75.342419
-75,75,75.419255
-599,200,75.632655
-2,2,75.639967
-117,117,75.770013
-133,133,75.923935
-45,45,75.969714
-136,136,76.12667
-17,17,76.140351
-24,24,76.171361
-124,124,76.30562
-103,103,76.425218
-6,6,76.427422
-2,2,76.42891
-158,158,76.617764
-33,33,76.653042
-91,91,76.763284
-599,200,76.989546
-3,3,76.990882
-16,16,77.004855
-47,47,77.060753
-4,4,77.069717
-10,10,77.080183
-6,6,77.083689
-19,19,77.112926
-131,131,77.264843
-21,21,77.287929
-42,42,77.334343
-96,96,77.439908
-48,48,77.493092
-99,99,77.603877
-84,84,77.695134
-74,74,77.778946
-108,108,77.898638
-93,93,78.018143
-31,31,78.05076
-2,2,78.052254
-42,42,78.097315
-68,68,78.173969
-599,200,78.400264
-27,27,78.433163
-105,105,78.548097
-6,6,78.557238
-44,44,78.601218
-34,34,78.655497
-8,8,78.65897
-35,35,78.701787
-43,43,78.745569
-46,46,78.797834
-37,37,78.836277
-57,57,78.904717
-82,82,78.994113
-599,200,79.211764
-20,20,79.236522
-71,71,79.322857
-10,10,79.334098
-150,150,79.502585
-18,18,79.524062
-4,4,79.533602
-139,139,79.6895
-3,3,79.691668
-76,76,79.771933
-57,57,79.838791
-116,116,79.972601
-44,44,80.024257
-151,151,80.193982
-86,86,80.29074
-174,174,80.478711
-134,134,80.632581
-65,65,80.702955
-122,122,80.836484
-47,47,80.892758
-47,47,80.94912
-39,39,80.991999
-4,4,80.994559
-69,69,81.08014
-12,12,81.090974
-12,12,81.104673
-599,200,81.325691
-26,26,81.357298
-73,73,81.435245
-37,37,81.47926
-18,18,81.499288
-37,37,81.535407
-41,41,81.592543
-19,19,81.60889
-599,200,81.839961
-599,200,82.063416
-12,12,82.083009
-173,173,82.269726
-73,73,82.347627
-52,52,82.405719
-599,200,82.652111
-10,10,82.665761
-24,24,82.706318
-10,10,82.718782
-90,90,82.820583
-107,107,82.949907
-35,35,82.987393
-4,4,82.98966
-85,85,83.087139
-15,15,83.100126
-37,37,83.142792
-18,18,83.164228
-35,35,83.210175
-22,22,83.24022
-82,82,83.327557
-121,121,83.458654
-28,28,83.490078
-16,16,83.504152
-27,27,83.538478
-190,190,83.755782
-36,36,83.799825
-58,58,83.856416
-57,57,83.936398
-90,90,84.041048
-30,30,84.073303
-8,8,84.084167
-133,133,84.231973
-10,10,84.242279
-599,200,84.463751
-599,200,84.677983
-93,93,84.786743
-173,173,84.98353
-21,21,85.014577
-58,58,85.086627
-5,5,85.089481
-99,99,85.208335
-123,123,85.342917
-7,7,85.353184
-102,102,85.462319
-6,6,85.472453
-66,66,85.548852
-599,200,85.767219
-94,94,85.876521
-599,200,86.102179
-18,18,86.124824
-171,171,86.315173
-64,64,86.382906
-599,200,86.598941
-46,46,86.6543
-89,89,86.754254
-39,39,86.798748
-18,18,86.814348
-133,133,86.976068
-30,30,87.007884
-17,17,87.022321
-31,31,87.064757
-93,93,87.161296
-599,200,87.384006
-13,13,87.396584
-599,200,87.616919
-3,3,87.61908
-49,49,87.675943
-599,200,87.908853
-26,26,87.945338
-32,32,87.980917
-32,32,88.015393
-599,200,88.233312
-49,49,88.288033
-74,74,88.376032
-599,200,88.608945
-35,35,88.643165
-71,71,88.71832
-12,12,88.729922
-96,96,88.877488
-80,80,88.96818
-93,93,89.069378
-98,98,89.182813
-18,18,89.204911
-24,24,89.226144
-176,176,89.424894
-187,187,89.643924
-599,200,89.86126
-74,74,89.948925
-23,23,89.975061
-7,7,89.984651
-59,59,90.054627
-6,6,90.064378
-163,163,90.246253
-5,5,90.248179
-599,200,90.47177
-142,142,90.635568
-599,200,90.868064
-16,16,90.884876
-60,60,90.960867
-163,163,91.13995
-49,49,91.196332
-599,200,91.422257
-28,28,91.453607
-67,67,91.529165
-599,200,91.755208
-28,28,91.786407
-33,33,91.820676
-47,47,91.888845
-32,32,91.928614
-32,32,91.966898
-41,41,92.010213
-9,9,92.020895
-168,168,92.211948
-53,53,92.268495
-2,2,92.269565
-5,5,92.278202
-14,14,92.29005
-137,137,92.456492
-599,200,92.673288
-36,36,92.718715
-82,82,92.805653
-47,47,92.853666
-95,95,92.969658
-41,41,93.015152
-165,165,93.210217
-40,40,93.253958
-86,86,93.345441
-60,60,93.422123
-48,48,93.479863
-176,176,93.677086
-136,136,93.826233
-12,12,93.838794
-142,142,94.006917
-22,22,94.029744
-16,16,94.043886
-171,171,94.238577
-96,96,94.351316
-12,12,94.36319
-45,45,94.429114
-131,131,94.5768
-599,200,94.795737
-82,82,94.880826
-101,101,94.997884
-599,200,95.223337
-149,149,95.403821
-91,91,95.509336
-134,134,95.667057
-3,3,95.66859
-9,9,95.680711
-599,200,95.912205
-114,114,96.043401
-153,153,96.219594
-160,160,96.396078
-11,11,96.415354
-599,200,96.647275
-2,2,96.648082
-8,8,96.659082
-5,5,96.662032
-100,100,96.784118
-12,12,96.796013
-99,99,96.907911
-599,200,97.138492
-9,9,97.14882
-599,200,97.372333
-98,98,97.484538
-599,200,97.71639
-139,139,97.870685
-59,59,97.945906
-85,85,98.043418
-599,200,98.268729
-599,200,98.491441
-62,62,98.563179
-78,78,98.652035
-55,55,98.717349
-14,14,98.731468
-190,190,98.949971
-98,98,99.063712
-24,24,99.090905
-59,59,99.161699
-110,110,99.285677
-75,75,99.374588
-11,11,99.387306
-8,8,99.398347
-38,38,99.436025
-49,49,99.490984
-599,200,99.713463
-599,200,99.940116
-44,44,100.003943
-18,18,100.021358
-21,21,100.049174
-599,200,100.269776
-10,10,100.283037
-12,12,100.297635
-599,200,100.524675
-17,17,100.53917
-57,57,100.602268
-599,200,100.82313
-599,200,101.066046
-42,42,101.116421
-127,127,101.261232
-188,188,101.470044
-99,99,101.584157
-182,182,101.797411
-29,29,101.831559
-27,27,101.863982
-93,93,101.972711
-20,20,101.997357
-159,159,102.191635
-30,30,102.227266
-11,11,102.245084
-169,169,102.437021
-36,36,102.474776
-2,2,102.483066
-599,200,102.70992
-112,112,102.838743
-81,81,102.930309
-6,6,102.93335
-96,96,103.058692
-101,101,103.17631
-74,74,103.263184
-44,44,103.311759
-185,185,103.525477
-181,181,103.733957
-152,152,103.906095
-4,4,103.908711
-79,79,104.001587
-599,200,104.228097
-200,200,104.463035
-24,24,104.486774
-27,27,104.521773
-5,5,104.530942
-154,154,104.709142
-7,7,104.719656
-3,3,104.721717
-190,190,104.936386
-25,25,104.967012
-11,11,104.981977
-45,45,105.038625
-77,77,105.132106
-32,32,105.167645
-69,69,105.243805
-124,124,105.38242
-599,200,105.606732
-175,175,105.811545
-599,200,106.042555
-3,3,106.044667
-33,33,106.081897
-51,51,106.155988
-36,36,106.192339
-16,16,106.213239
-5,5,106.216541
-98,98,106.333202
-109,109,106.459066
-19,19,106.481564
-165,165,106.66101
-195,195,106.89413
-107,107,107.023582
-157,157,107.20992
-599,200,107.436904
-599,200,107.663899
-599,200,107.894928
-49,49,107.951679
-2,2,107.952782
-115,115,108.101995
-599,200,108.335088
-56,56,108.393433
-8,8,108.404471
-92,92,108.51744
-48,48,108.572424
-87,87,108.668803
-149,149,108.843096
-83,83,108.936197
-75,75,109.029277
-154,154,109.206539
-12,12,109.218758
-97,97,109.334963
-25,25,109.360076
-29,29,109.397382
-13,13,109.419997
-63,63,109.489758
-599,200,109.715932
-2,2,109.717539
-57,57,109.782793
-157,157,109.96397
-74,74,110.046926
-128,128,110.193802
-176,176,110.412341
-120,120,110.571316
-4,4,110.580293
-115,115,110.709376
-63,63,110.786298
-41,41,110.832482
-166,166,111.027332
-21,21,111.05128
-36,36,111.09704
-105,105,111.215161
-11,11,111.234017
-14,14,111.247559
-11,11,111.263005
-22,22,111.291853
-53,53,111.356132
-14,14,111.372276
-184,184,111.59975
-12,12,111.618781
-7,7,111.622801
-50,50,111.684158
-72,72,111.764556
-11,11,111.785625
-93,93,111.898282
-108,108,112.029878
-36,36,112.065932
-55,55,112.132101
-18,18,112.154387
-57,57,112.2156
-3,3,112.223965
-98,98,112.334342
-33,33,112.378892
-138,138,112.538147
-197,197,112.770312
-90,90,112.876115
-599,200,113.115258
-599,200,113.344461
-55,55,113.412324
-4,4,113.41466
-20,20,113.439988
-127,127,113.589303
-130,130,113.741788
-28,28,113.787503
-67,67,113.86183
-50,50,113.920492
-37,37,113.973498
-60,60,114.048346
-599,200,114.279212
-599,200,114.51705
-35,35,114.552906
-122,122,114.702368
-152,152,114.873187
-28,28,114.918595
-599,200,115.159692
-15,15,115.174785
-599,200,115.408365
-115,115,115.547507
-599,200,115.781404
-41,41,115.828479
-113,113,115.957218
-27,27,115.991636
-57,57,116.051787
-187,187,116.285343
-124,124,116.43676
-128,128,116.58279
-27,27,116.615319
-2,2,116.61687
-14,14,116.636292
-89,89,116.740405
-108,108,116.858819
-130,130,117.00981
-599,200,117.237975
-85,85,117.349335
-153,153,117.531911
-55,55,117.597059
-160,160,117.780435
-599,200,118.015318
-117,117,118.152981
-188,188,118.375507
-101,101,118.490872
-3,3,118.499823
-112,112,118.628171
-118,118,118.780261
-104,104,118.897451
-79,79,118.992694
-108,108,119.116611
-39,39,119.161847
-79,79,119.247836
-599,200,119.483304
-599,200,119.715527
-167,167,119.920615
-64,64,120.001079
-44,44,120.061501
-599,200,120.29545
-48,48,120.352272
-5,5,120.354817
-55,55,120.420885
-599,200,120.65017
-599,200,120.881121
-87,87,120.976076
-135,135,121.144641
-599,200,121.374365
-12,12,121.387072
-17,17,121.412581
-160,160,121.603501
-32,32,121.639892
-191,191,121.85606
-104,104,121.982421
-181,181,122.200643
-599,200,122.44218
-6,6,122.445816
-40,40,122.490832
-127,127,122.651585
-89,89,122.75659
-79,79,122.848447
-599,200,123.126371
-24,24,123.150437
-599,200,123.382015
-599,200,123.624259
-6,6,123.633973
-60,60,123.701949
-69,69,123.786219
-599,200,124.021943
-73,73,124.104589
-79,79,124.19881
-56,56,124.259743
-141,141,124.426516
-110,110,124.556251
-111,111,124.691337
-42,42,124.740688
-599,200,124.977708
-30,30,125.015262
-139,139,125.191505
-599,200,125.42812
-62,62,125.499108
-44,44,125.548763
-94,94,125.662409
-599,200,125.903636
-86,86,126.026349
-2,2,126.034733
-599,200,126.27063
-181,181,126.480032
-599,200,126.719121
-29,29,126.752511
-51,51,126.813136
-94,94,126.921087
-34,34,126.958075
-599,200,127.196436
-599,200,127.43161
-89,89,127.536727
-599,200,127.767208
-25,25,127.798914
-599,200,128.041566
-50,50,128.102938
-49,49,128.159765
-78,78,128.256026
-2,2,128.257737
-105,105,128.376653
-22,22,128.403152
-25,25,128.437299
-599,200,128.670697
-106,106,128.797135
-34,34,128.841795
-15,15,128.85861
-78,78,128.950187
-86,86,129.049704
-18,18,129.074604
-36,36,129.111622
-43,43,129.167472
-599,200,129.403319
-18,18,129.419003
-9,9,129.430219
-127,127,129.588884
-599,200,129.827382
-45,45,129.874904
-17,17,129.896512
-66,66,129.974641
-77,77,130.059728
-116,116,130.200595
-7,7,130.210669
-599,200,130.446397
-2,2,130.447952
-28,28,130.49318
-113,113,130.635573
-85,85,130.738834
-128,128,130.882133
-188,188,131.104451
-6,6,131.114396
-120,120,131.253984
-2,2,131.255558
-78,78,131.348862
-12,12,131.361128
-599,200,131.610869
-95,95,131.719629
-124,124,131.871389
-40,40,131.918677
-37,37,131.963471
-599,200,132.222459
-50,50,132.280303
-60,60,132.352307
-157,157,132.528322
-82,82,132.625319
-4,4,132.637429
-109,109,132.787939
-11,11,132.800868
-122,122,132.944747
-599,200,133.190314
-2,2,133.191487
-18,18,133.212752
-74,74,133.297101
-48,48,133.352726
-11,11,133.364883
-599,200,133.612008
-599,200,133.845614
-599,200,134.080024
-599,200,134.323754
-199,199,134.562118
-26,26,134.597138
-46,46,134.650232
-47,47,134.707506
-599,200,134.948274
-599,200,135.189961
-23,23,135.216557
-46,46,135.278153
-137,137,135.448043
-25,25,135.474384
-599,200,135.715436
-73,73,135.806394
-109,109,135.926318
-35,35,135.973145
-599,200,136.213769
-599,200,136.452097
-599,200,136.701346
-125,125,136.848962
-599,200,137.085746
-178,178,137.299473
-48,48,137.358271
-599,200,137.599402
-599,200,137.838244
-57,57,137.907483
-88,88,138.012149
-599,200,138.250395
-599,200,138.502513
-46,46,138.569872
-17,17,138.592085
-135,135,138.747935
-48,48,138.803735
-61,61,138.879056
-27,27,138.913258
-85,85,139.019727
-145,145,139.205523
-37,37,139.2507
-22,22,139.277348
-89,89,139.392492
-50,50,139.450522
-599,200,139.683936
-176,176,139.888227
-194,194,140.128811
-127,127,140.277873
-77,77,140.371838
-64,64,140.454692
-9,9,140.460229
-599,200,140.702104
-136,136,140.867193
-8,8,140.878063
-599,200,141.111057
-18,18,141.136551
-45,45,141.187143
-50,50,141.245246
-162,162,141.432268
-44,44,141.493312
-82,82,141.589905
-3,3,141.591396
-54,54,141.673546
-80,80,141.773633
-32,32,141.810249
-131,131,141.96445
-63,63,142.037801
-599,200,142.281433
-68,68,142.364412
-599,200,142.610578
-599,200,142.850083
-58,58,142.927683
-58,58,142.996321
-2,2,142.997894
-111,111,143.1324
-23,23,143.158857
-76,76,143.251086
-132,132,143.407349
-599,200,143.640166
-32,32,143.676728
-599,200,143.91801
-65,65,144.01056
-52,52,144.06888
-67,67,144.154558
-599,200,144.420244
-28,28,144.448027
-2,3,144.456791
-599,200,144.697782
-30,30,144.731668
-67,67,144.807023
-33,33,144.850571
-141,141,145.022412
-32,32,145.059967
-599,200,145.313721
-143,143,145.480161
-599,200,145.71735
-2,2,145.725758
-58,58,145.793033
-599,200,146.031311
-88,88,146.140754
-154,154,146.33254
-18,18,146.35019
-2,2,146.361949
-50,50,146.419782
-599,200,146.659048
-128,128,146.804765
-28,28,146.838879
-599,200,147.080771
-129,129,147.237705
-113,113,147.36771
-599,200,147.614813
-23,23,147.649662
-599,200,147.900709
-12,12,147.914129
-57,57,147.983648
-162,162,148.182133
-599,200,148.419428
-33,33,148.45795
-599,200,148.693419
-179,179,148.912513
-31,31,148.948786
-55,55,149.02349
-103,103,149.143544
-599,200,149.38194
-29,29,149.415609
-42,42,149.46227
-26,26,149.497078
-79,79,149.583206
-599,200,149.823094
-55,55,149.891658
-599,200,150.134829
-69,69,150.230435
-599,200,150.46329
-125,125,150.612392
-34,34,150.654325
-47,47,150.705846
-4,4,150.714646
-599,200,150.949733
-54,54,151.013731
-16,16,151.035875
-78,78,151.130021
-599,200,151.386275
-599,200,151.625349
-181,181,151.839655
-599,200,152.074432
-149,149,152.258328
-70,70,152.344627
-188,188,152.567381
-26,26,152.601611
-143,143,152.768054
-8,8,152.779488
-599,200,153.025309
-14,14,153.046638
-4,4,153.049046
-50,50,153.10761
-599,200,153.350639
-64,64,153.42332
-3,3,153.432286
-131,131,153.597703
-19,19,153.621492
-599,200,153.86157
-124,124,154.015157
-33,33,154.054537
-7,7,154.06476
-6,6,154.075075
-599,200,154.317261
-4,4,154.319593
-21,21,154.344276
-599,200,154.586182
-87,87,154.69259
-135,135,154.858496
-148,148,155.04689
-599,200,155.290133
-599,200,155.535818
-32,32,155.573943
-90,90,155.686285
-62,62,155.767596
-79,79,155.858776
-599,200,156.10782
-599,200,156.354639
-3,3,156.363327
-106,106,156.496832
-599,200,156.743138
-599,200,156.985817
-4,4,156.994675
-599,200,157.238393
-35,35,157.283854
-2,2,157.284883
-599,200,157.52863
-599,200,157.768422
-599,200,158.012017
-88,88,158.130995
-4,4,158.139939
-143,143,158.312232
-56,56,158.382724
-599,200,158.631561
-599,200,158.875901
-599,200,159.11538
-599,200,159.356218
-57,57,159.420561
-23,23,159.454249
-599,200,159.710553
-7,7,159.714676
-50,50,159.776109
-599,200,160.013013
-50,50,160.073502
-51,51,160.132504
-46,46,160.193488
-599,200,160.440192
-599,200,160.678095
-599,200,160.922355
-107,107,161.066993
-29,29,161.102736
-599,200,161.349356
-599,200,161.596581
-85,85,161.696092
-156,156,161.885468
-599,200,162.127816
-36,36,162.166823
-599,200,162.434717
-199,199,162.674657
-10,10,162.687356
-3,3,162.689048
-599,200,162.934731
-85,85,163.038925
-599,200,163.29231
-599,200,163.544495
-6,6,163.554969
-118,118,163.689643
-90,90,163.798977
-599,200,164.043616
-599,200,164.30536
-599,200,164.55356
-31,31,164.590822
-599,200,164.836022
-74,74,164.928327
-599,200,165.170517
-15,15,165.185619
-599,200,165.438034
-166,166,165.675894
-599,200,165.925256
-599,200,166.186178
-599,200,166.480523
-93,93,166.593717
-153,153,166.783465
-170,170,166.993048
-90,90,167.10387
-185,185,167.336426
-97,97,167.456407
-599,200,167.703824
-153,153,167.892577
-599,200,168.147842
-117,117,168.296018
-49,49,168.358922
-599,200,168.610226
-53,53,168.672199
-59,59,168.744482
-599,200,168.991283
-112,112,169.125186
-71,71,169.212868
-599,200,169.462422
-599,200,169.710118
-2,2,169.71172
-15,15,169.739232
-77,77,169.835767
-13,13,169.85011
-599,200,170.098591
-173,173,170.31251
-120,120,170.462181
-599,200,170.704367
-599,200,170.944632
-3,3,170.947011
-29,29,170.997351
-599,200,171.244701
-35,35,171.289569
-599,200,171.531066
-74,74,171.61722
-15,15,171.639736
-599,200,171.879974
-123,123,172.030807
-16,16,172.053395
-599,200,172.314676
-599,200,172.570864
-599,200,172.813604
-599,200,173.057586
-44,44,173.10967
-599,200,173.355844
-101,101,173.488302
-36,36,173.536049
-165,165,173.736406
-48,48,173.799629
-599,200,174.083336
-25,25,174.121763
-103,103,174.251774
-599,200,174.498246
-28,28,174.533248
-134,134,174.693545
-31,31,174.735185
-599,200,174.976675
-47,47,175.0372
-83,83,175.13656
-173,173,175.356796
-599,200,175.606177
-60,60,175.682934
-599,200,175.926023
-599,200,176.182166
-108,108,176.322469
-64,64,176.404915
-599,200,176.655392
-599,200,176.906073
-599,200,177.149753
-155,155,177.358532
-5,5,177.368605
-2,2,177.370258
-599,200,177.62831
-599,200,177.873225
-88,88,177.982599
-599,200,178.22919
-108,108,178.361103
-26,26,178.397161
-599,200,178.648732
-140,140,178.830869
-599,200,179.09387
-27,27,179.130748
-599,200,179.382605
-599,200,179.633596
-99,99,179.755231
-38,38,179.801457
-110,110,179.936507
-33,33,179.982126
-599,200,180.232113
-84,84,180.341908
-599,200,180.5985
-165,165,180.809235
-37,37,180.848054
-80,80,180.947218
-5,5,180.957346
-168,168,181.172178
-191,191,181.407013
-599,200,181.655753
-3,3,181.657598
-2,2,181.659235
-599,200,181.915203
-39,39,181.964561
-184,184,182.198272
-2,2,182.199811
-599,200,182.454652
-599,200,182.711716
-29,29,182.746486
-4,4,182.749103
-137,137,182.919675
-599,200,183.176444
-599,200,183.424505
-599,200,183.673084
-46,46,183.726954
-69,69,183.812904
-13,13,183.835539
-599,200,184.081439
-181,181,184.30875
-599,200,184.564921
-151,151,184.749153
-86,86,184.87045
-599,200,185.116155
-13,13,185.136872
-139,139,185.31319
-21,21,185.337522
-599,200,185.583079
-599,200,185.827756
-599,200,186.077109
-599,200,186.328081
-599,200,186.574654
-56,56,186.649536
-173,173,186.867619
-113,113,187.003073
-193,193,187.239261
-44,44,187.304892
-82,82,187.40554
-170,170,187.612542
-58,58,187.694718
-129,129,187.84583
-142,142,188.030754
-89,89,188.142994
-8,8,188.147316
-3,3,188.156197
-599,200,188.402733
-5,5,188.405768
-175,175,188.629076
-39,39,188.678565
-599,200,188.92468
-41,41,188.974797
-72,72,189.061708
-599,200,189.32225
-77,77,189.419512
-599,200,189.662244
-599,200,189.913069
-199,199,190.150268
-4,4,190.159527
-599,200,190.407331
-5,5,190.410306
-599,200,190.658507
-599,200,190.905338
-93,93,191.035041
-22,22,191.066224
-6,6,191.069583
-599,200,191.31794
-183,183,191.551031
-131,131,191.711164
-599,200,191.958651
-36,36,191.999478
-152,152,192.194425
-170,170,192.411921
-599,200,192.66336
-44,44,192.715131
-24,24,192.741815
-599,200,192.986655
-599,200,193.232596
-120,120,193.379587
-599,200,193.634673
-46,46,193.693774
-599,200,193.939871
-599,200,194.18774
-599,200,194.44882
-162,162,194.648313
-108,108,194.783915
-64,64,194.892736
-171,171,195.105216
-37,37,195.145669
-117,117,195.290655
-599,200,195.541336
-2,2,195.543002
-3,3,195.544985
-599,200,195.804205
-599,200,196.050732
-19,19,196.080822
-599,200,196.327305
-599,200,196.574139
-22,22,196.606152
-60,60,196.681256
-599,200,196.926644
-63,63,197.00298
-599,200,197.246388
-599,200,197.511859
-105,105,197.636516
-3,3,197.645969
-42,42,197.697595
-10,10,197.709558
-599,200,197.956857
-7,7,197.967749
-599,200,198.209768
-599,200,198.456994
-599,200,198.70765
-599,200,198.963883
-20,20,198.988697
-599,200,199.240374
-599,200,199.490017
-599,200,199.733668
-598,200,199.991119
-175,175,200.201935
-599,200,200.447082
-599,200,200.694046
-599,200,200.939744
-56,56,201.024327
-52,52,201.092501
-189,189,201.328893
-599,200,201.579125
-599,200,201.824135
-39,39,201.874304
-178,178,202.087077
-599,200,202.345301
-599,200,202.598015
-599,200,202.845248
-3,3,202.854317
-599,200,203.108818
-599,200,203.362759
-599,200,203.618666
-599,200,203.861157
-28,28,203.896121
-43,43,203.947208
-2,2,203.948272
-49,49,204.009653
-148,148,204.19433
-104,104,204.328424
-599,200,204.578674
-599,200,204.826946
-599,200,205.070196
-95,95,205.194986
-78,78,205.283752
-134,134,205.455899
-599,200,205.699533
-599,200,205.947774
-599,200,206.204014
-151,151,206.401324
-137,137,206.570644
-149,149,206.754735
-599,200,206.997655
-25,25,207.025303
-599,200,207.268441
-123,123,207.4257
-599,200,207.669126
-5,5,207.679419
-599,200,207.924646
-599,200,208.176944
-599,200,208.425279
-21,21,208.450303
-37,37,208.500005
-599,200,208.749508
-599,200,208.991244
-167,167,209.189265
-599,200,209.438838
-104,104,209.568427
-599,200,209.819183
-160,160,210.02712
-76,76,210.116551
-599,200,210.367727
-61,61,210.440628
-3,3,210.44979
-20,20,210.4748
-599,200,210.723187
-28,28,210.760035
-200,200,211.004528
-4,4,211.007237
-599,200,211.272346
-599,200,211.518247
-599,200,211.767969
-599,200,212.015467
-68,68,212.101837
-67,67,212.180832
-111,111,212.328073
-599,200,212.578149
-104,104,212.703863
-599,200,212.948765
-13,13,212.964305
-64,64,213.05876
-89,89,213.168743
-599,200,213.422165
-599,200,213.679561
-82,82,213.779412
-9,9,213.791288
-599,200,214.033331
-15,15,214.048676
-599,200,214.297608
-599,200,214.555027
-11,11,214.568587
-599,200,214.820425
-85,85,214.926261
-599,200,215.170215
-177,177,215.388356
-110,110,215.53352
-599,200,215.776919
-599,200,216.021237
-33,33,216.073051
-64,64,216.160915
-599,200,216.407356
-599,200,216.654905
-171,171,216.859122
-599,200,217.102047
-196,196,217.349077
-599,200,217.598082
-38,38,217.646874
-599,200,217.89268
-599,200,218.142384
-599,200,218.400126
-59,59,218.473667
-599,200,218.727102
-2,2,218.728688
-599,200,218.973738
-3,3,218.976137
-80,80,219.075166
-599,200,219.318174
-599,200,219.567406
-176,176,219.790004
-12,12,219.804284
-156,156,220.00201
-599,200,220.248713
-599,200,220.497638
-28,28,220.533081
-143,143,220.713974
-5,5,220.716809
-599,200,220.965012
-599,200,221.216421
-161,161,221.416143
-599,200,221.672687
-23,23,221.699563
-111,111,221.841489
-178,178,222.059847
-109,109,222.19554
-599,200,222.448759
-599,200,222.693094
-21,21,222.717891
-73,73,222.810175
-50,50,222.871751
-599,200,223.128181
-599,200,223.376688
-120,120,223.53214
-78,78,223.623865
-147,147,223.809455
-30,30,223.846249
-599,200,224.09547
-8,8,224.107002
-599,200,224.356035
-599,200,224.606299
-599,200,224.870418
-599,200,225.1133
-108,108,225.251228
-35,35,225.292
-599,200,225.542961
-92,92,225.651449
-599,200,225.898908
-599,200,226.146241
-27,27,226.181925
-599,200,226.430823
-175,175,226.657828
-23,23,226.684228
-599,200,226.929098
-106,106,227.06253
-599,200,227.313339
-599,200,227.558077
-40,40,227.608447
-599,200,227.856333
-599,200,228.09963
-102,102,228.22123
-75,75,228.314253
-599,200,228.57182
-30,30,228.609096
-3,3,228.617875
-599,200,228.866956
-60,60,228.942446
-599,200,229.182696
-599,200,229.427817
-28,28,229.457276
-185,185,229.687317
-67,67,229.78926
-3,3,229.791005
-53,53,229.853254
-599,200,230.10354
-599,200,230.346747
-99,99,230.472377
-599,200,230.719568
-599,200,230.965914
-103,103,231.097005
-115,115,231.240612
-599,200,231.532759
-599,200,231.778818
-34,34,231.817273
-69,69,231.908226
-47,47,231.967576
-599,200,232.21745
-599,200,232.474262
-599,200,232.72439
-40,40,232.772264
-599,200,233.018078
-599,200,233.276805
-599,200,233.526887
-47,47,233.59278
-599,200,233.839635
-181,181,234.062614
-60,60,234.139239
-97,97,234.254922
-599,200,234.504699
-599,200,234.749451
-177,177,234.978379
-46,46,235.050829
-18,18,235.067933
-599,200,235.315979
-599,200,235.568004
-161,161,235.774939
-147,147,235.953927
-171,171,236.174407
-120,120,236.32342
-599,200,236.568565
-2,2,236.576861
-599,200,236.838052
-139,139,237.005472
-599,200,237.249767
-599,200,237.50144
-189,189,237.735378
-3,3,237.74421
-170,170,237.953327
-51,51,238.016063
-9,9,238.027167
-175,175,238.237471
-54,54,238.318888
-599,200,238.574002
-171,171,238.784572
-54,54,238.84643
-31,31,238.882151
-20,20,238.90637
-599,200,239.153239
-61,61,239.228053
-599,200,239.475465
-599,200,239.725238
-28,28,239.770493
-599,200,240.022928
-599,200,240.267443
-599,200,240.513285
-59,59,240.585359
-599,200,240.834132
-52,52,240.896199
-599,200,241.144218
-10,10,241.156894
-147,147,241.338557
-599,200,241.594899
-599,200,241.838686
-157,157,242.041177
-84,84,242.142464
-599,200,242.388983
-69,69,242.480332
-9,9,242.492136
-90,90,242.60344
-599,200,242.850847
-599,200,243.095249
-599,200,243.34835
-599,200,243.603888
-29,29,243.640595
-4,4,243.643086
-154,154,243.83373
-48,48,243.896367
-599,200,244.143586
-40,40,244.194838
-3,3,244.2038
-69,69,244.282686
-102,102,244.42112
-138,138,244.595017
-141,141,244.769535
-163,163,244.974493
-599,200,245.221773
-44,44,245.273684
-599,200,245.522893
-73,73,245.61877
-64,64,245.695826
-88,88,245.806735
-599,200,246.069674
-599,200,246.31767
-38,38,246.364464
-109,109,246.493749
-167,167,246.704747
-66,66,246.788981
-74,74,246.879471
-96,96,247.000405
-65,65,247.077599
-89,89,247.186164
-599,200,247.446803
-181,181,247.669785
-599,200,247.920791
-178,178,248.139585
-76,76,248.234876
-599,200,248.483095
-599,200,248.73698
-599,200,248.983661
-19,19,249.008796
-599,200,249.253848
-599,200,249.510414
-10,10,249.523012
-73,73,249.610441
-6,6,249.613395
-181,181,249.846665
-93,93,249.958287
-599,200,250.204984
-599,200,250.451247
-599,200,250.699879
-117,117,250.84421
-103,103,250.977025
-81,81,251.082815
-27,27,251.119203
-599,200,251.364784
-599,200,251.615713
-599,200,251.862222
-33,33,251.899368
-190,190,252.130615
-599,200,252.380627
-154,154,252.573767
-599,200,252.830591
-599,200,253.077999
-599,200,253.322548
-599,200,253.577449
-197,197,253.823483
-25,25,253.857187
-151,151,254.042997
-599,200,254.288158
-599,200,254.541563
-79,79,254.640127
-6,6,254.643763
-120,120,254.805779
-599,200,255.053564
-599,200,255.299795
-3,3,255.301877
-102,102,255.434813
-599,200,255.685204
-599,200,255.932128
-599,200,256.188561
-599,200,256.436414
-157,157,256.638208
-58,58,256.712648
-47,47,256.77183
-599,200,257.017607
-50,50,257.079325
-76,76,257.169631
-48,48,257.230517
-599,200,257.481557
-599,200,257.734237
-599,200,257.98133
-175,175,258.211452
-64,64,258.287785
-599,200,258.540049
-599,200,258.791937
-75,75,258.88782
-599,200,259.136199
-164,164,259.331258
-57,57,259.40395
-21,21,259.430197
-187,187,259.664633
-599,200,259.919793
-8,8,259.923918
-599,200,260.166675
-30,30,260.203995
-599,200,260.44727
-143,143,260.633419
-56,56,260.69682
-599,200,260.94109
-599,200,261.193263
-599,200,261.436177
-117,117,261.596668
-599,200,261.841949
-87,87,261.950275
-129,129,262.112746
-65,65,262.188758
-599,200,262.440094
-599,200,262.69403
-8,8,262.705036
-599,200,262.949124
-599,200,263.193913
-599,200,263.447228
-26,26,263.474822
-599,200,263.734353
-151,151,263.929229
-599,200,264.176579
-599,200,264.420234
-110,110,264.560136
-180,180,264.790263
-50,50,264.84957
-599,200,265.095251
-75,75,265.196212
-599,200,265.447708
-143,143,265.627505
-21,21,265.653112
-138,138,265.824536
-599,200,266.077673
-132,132,266.242135
-66,66,266.327857
-599,200,266.576208
-159,159,266.774175
-166,166,267.001815
-599,200,267.24266
-599,200,267.497624
-599,200,267.747478
-599,200,267.9966
-4,4,267.998991
-12,12,268.01313
-75,75,268.109119
-27,27,268.136987
-4,4,268.146503
-87,87,268.25912
-32,32,268.303825
-599,200,268.561017
-26,26,268.596044
-78,78,268.6942
-75,75,268.788306
-79,79,268.880638
-180,180,269.103869
-119,119,269.2494
-599,200,269.498632
-183,183,269.74741
-599,200,270.00174
-33,33,270.041032
-599,200,270.286535
-599,200,270.53703
-599,200,270.785197
-599,200,271.033134
-166,166,271.248917
-2,2,271.250083
-599,200,271.491984
-17,17,271.508131
-599,200,271.770366
-599,200,272.019307
-131,131,272.185099
-114,114,272.32733
-599,200,272.582617
-599,200,272.830586
-3,3,272.83285
-2,2,272.835169
-7,7,272.846061
-178,178,273.077247
-38,38,273.125319
-599,200,273.370955
-5,5,273.374297
-599,200,273.63097
-599,200,273.87669
-599,200,274.125794
-114,114,274.268893
-62,62,274.342637
-80,80,274.440906
-599,200,274.702348
-10,10,274.715084
-62,62,274.790098
-136,136,274.966217
-599,200,275.211919
-19,19,275.237417
-599,200,275.482127
-172,172,275.698518
-599,200,275.947985
-599,200,276.203602
-599,200,276.459766
-78,78,276.561045
-50,50,276.627355
-82,82,276.726369
-111,111,276.8621
-599,200,277.114718
-599,200,277.368461
-72,72,277.45537
-73,73,277.548273
-142,142,277.735544
-30,30,277.777617
-599,200,278.027369
-599,200,278.276562
-129,129,278.431128
-62,62,278.515795
-20,20,278.541526
-18,18,278.55955
-182,182,278.79775
-12,12,278.811314
-119,119,278.957738
-5,5,278.960308
-599,200,279.2101
-599,200,279.456954
-599,200,279.710521
-599,200,279.96182
-599,200,280.20784
-2,2,280.209411
-171,171,280.428182
-9,9,280.433471
-599,200,280.681452
-25,25,280.719984
-33,33,280.768265
-599,200,281.012829
-52,52,281.075099
-115,115,281.225541
-3,3,281.22752
-115,115,281.374167
-18,18,281.398261
-49,49,281.455892
-599,200,281.703627
-119,119,281.863272
-17,17,281.887239
-8,8,281.898103
-599,200,282.149117
-3,3,282.151231
-139,139,282.326
-99,99,282.456235
-20,20,282.480406
-159,159,282.683185
-197,197,282.926766
-120,120,283.089811
-12,12,283.103578
-599,200,283.346501
-48,48,283.405339
-599,200,283.666344
-80,80,283.767487
-158,158,283.954755
-599,200,284.200013
-40,40,284.249607
-60,60,284.325466
-599,200,284.588
-95,95,284.709632
-87,87,284.817116
-599,200,285.066775
-68,68,285.145387
-599,200,285.38933
-62,62,285.470405
-599,200,285.722052
-185,185,285.943331
-599,200,286.191205
-7,7,286.202514
-599,200,286.461591
-599,200,286.710919
-16,16,286.726718
-599,200,286.975426
-4,4,286.985949
-599,200,287.231312
-54,54,287.298783
-599,200,287.550463
-103,103,287.677875
-106,106,287.824749
-599,200,288.09936
-84,84,288.200147
-104,104,288.333859
-79,79,288.430171
-36,36,288.468034
-599,200,288.72643
-172,172,288.94648
-599,200,289.192737
-599,200,289.446414
-599,200,289.702127
-77,77,289.79376
-599,200,290.053198
-599,200,290.298407
-599,200,290.540789
-151,151,290.727295
-599,200,290.971617
-599,200,291.225348
-85,85,291.33747
-40,40,291.387516
-21,21,291.415166
-9,9,291.428842
-599,200,291.682653
-190,190,291.914642
-87,87,292.025283
-142,142,292.199183
-195,195,292.438145
-599,200,292.69273
-599,200,292.940489
-599,200,293.183092
-65,65,293.280251
-599,200,293.55131
-162,162,293.761408
-172,172,293.97442
-599,200,294.218269
-95,95,294.338361
-26,26,294.366536
-181,181,294.591458
-140,140,294.767578
-4,4,294.777299
-29,29,294.823515
-599,200,295.083344
-599,200,295.330899
-40,40,295.38072
-599,200,295.625909
-599,200,295.875981
-46,46,295.928731
-3,3,295.937493
-112,112,296.07315
-599,200,296.324299
-54,54,296.393226
-48,48,296.453876
-33,33,296.492018
-101,101,296.614189
-599,200,296.862645
-47,47,296.920987
-80,80,297.02364
-599,200,297.269166
-599,200,297.514368
-4,4,297.517141
-79,79,297.627106
-30,30,297.667934
-137,137,297.839696
-33,33,297.879266
-599,200,298.124168
-51,51,298.188566
-156,156,298.38417
-150,150,298.566489
-599,200,298.819309
-89,89,298.931229
-599,200,299.185761
-599,200,299.432816
-599,200,299.711166
-38,38,299.759842
-177,177,299.978092
-599,200,300.228788
-599,200,300.472274
-181,181,300.7074
-599,200,300.950678
-91,91,301.068212
-599,200,301.32961
-193,193,301.565145
-93,93,301.681981
-73,73,301.776795
-599,200,302.023178
-599,200,302.266423
-130,130,302.432861
-599,200,302.693948
-38,38,302.734088
-20,20,302.757966
-599,200,303.012137
-599,200,303.256966
-599,200,303.498996
-54,54,303.570581
-54,54,303.634824
-599,200,303.887075
-599,200,304.132325
-599,200,304.377513
-31,31,304.415651
-599,200,304.659237
-146,146,304.851264
-157,157,305.052942
-151,151,305.237247
-599,200,305.484953
-145,145,305.663062
-599,200,305.91206
-599,200,306.159368
-39,39,306.207991
-599,200,306.45949
-55,55,306.539128
-599,200,306.798936
-30,30,306.836337
-599,200,307.08219
-22,22,307.107704
-599,200,307.353665
-2,2,307.355335
-64,64,307.432466
-45,45,307.491003
-599,200,307.748178
-8,8,307.75949
-599,200,308.015728
-599,200,308.260784
-49,49,308.322434
-190,190,308.556012
-37,37,308.595683
-34,34,308.64203
-149,149,308.832859
-60,60,308.905136
-161,161,309.104915
-4,4,309.107162
-599,200,309.364527
-599,200,309.616541
-599,200,309.868966
-35,35,309.916211
-599,200,310.168296
-599,200,310.416245
-599,200,310.663799
-599,200,310.916745
-599,200,311.164737
-139,139,311.337749
-599,200,311.597436
-56,56,311.670664
-599,200,311.924211
-3,3,311.926402
-159,159,312.127321
-4,4,312.136018
-599,200,312.37991
-599,200,312.633701
-599,200,312.883302
-52,52,312.945771
-599,200,313.207955
-133,133,313.367943
-3,3,313.370026
-3,3,313.378774
-599,200,313.626732
-599,200,313.882123
-599,200,314.125203
-183,183,314.34819
-599,200,314.592816
-75,75,314.688698
-9,9,314.694401
-67,67,314.792272
-75,75,314.886289
-599,200,315.134505
-108,108,315.259782
-599,200,315.504338
-37,37,315.550728
-599,200,315.797979
-599,200,316.044242
-89,89,316.153609
-21,21,316.187046
-599,200,316.443196
-599,200,316.685509
-599,200,316.938186
-599,200,317.184617
-126,126,317.342285
-17,17,317.358135
-37,37,317.411317
-47,47,317.471932
-17,17,317.495296
-599,200,317.753994
-79,79,317.845587
-599,200,318.090554
-129,129,318.249487
-66,66,318.333823
-599,200,318.5793
-599,200,318.836457
-138,138,319.005909
-599,200,319.251899
-80,80,319.349015
-31,31,319.392992
-168,168,319.60249
-599,200,319.856495
-599,200,320.109499
-599,200,320.355615
-599,200,320.609498
-170,170,320.82349
-599,200,321.069505
-76,77,321.160375
-104,104,321.297885
-599,200,321.54911
-19,19,321.571852
-71,71,321.661458
-18,18,321.68478
-157,157,321.881145
-58,58,321.954936
-62,62,322.035285
-8,8,322.048723
-599,200,322.295451
-599,200,322.548373
-599,200,322.814337
-117,117,322.960794
-46,46,323.014035
-188,188,323.251065
-199,199,323.497974
-48,48,323.556334
-31,31,323.594924
-599,200,323.84857
-56,56,323.920554
-599,200,324.168015
-60,60,324.247572
-2,2,324.24904
-23,23,324.275734
-7,7,324.286342
-10,10,324.297977
-599,200,324.54603
-599,200,324.800497
-599,200,325.051159
-599,200,325.301111
-599,200,325.551643
-23,23,325.589834
-599,200,325.845848
-122,122,325.997178
-19,19,326.021812
-599,200,326.269448
-43,43,326.327277
-128,128,326.48548
-599,200,326.734969
-599,200,326.986412
-599,200,327.238204
-94,94,327.366215
-599,200,327.622298
-599,200,327.875079
-599,200,328.140599
-599,200,328.387275
-599,200,328.634715
-599,200,328.891842
-25,25,328.918031
-2,2,328.919497
-599,200,329.16412
-144,144,329.367081
-599,200,329.617205
-200,200,329.867564
-599,200,330.125426
-599,200,330.376046
-9,9,330.388024
-189,189,330.622634
-599,200,330.873363
-93,93,330.988458
-599,200,331.236026
-599,200,331.502526
-48,48,331.563214
-599,200,331.816756
-105,105,331.946622
-169,169,332.159343
-599,200,332.408212
-59,59,332.484262
-14,14,332.499047
-599,200,332.754403
-188,188,332.993327
-145,145,333.183943
-94,94,333.299237
-599,200,333.548125
-599,200,333.798218
-599,200,334.054084
-599,200,334.302802
-599,200,334.548204
-599,200,334.79721
-599,200,335.04902
-18,18,335.076031
-93,93,335.200489
-3,3,335.202519
-26,26,335.238951
-79,79,335.337511
-599,200,335.587336
-5,5,335.590216
-54,54,335.661877
-599,200,335.913025
-53,53,335.977381
-599,200,336.251328
-599,200,336.516698
-599,200,336.764419
-76,76,336.865158
-3,3,336.867213
-599,200,337.116775
-51,51,337.178876
-599,200,337.42584
-599,200,337.669853
-23,23,337.696928
-141,141,337.881684
-132,132,338.054103
-105,105,338.178113
-599,200,338.421619
-599,200,338.66772
-599,200,338.912671
-57,57,338.990127
-21,21,339.014911
-71,71,339.102619
-75,75,339.197665
-599,200,339.441797
-38,38,339.488925
-10,10,339.502812
-106,106,339.636657
-599,200,339.885621
-22,22,339.911432
-7,7,339.922352
-96,96,340.043148
-599,200,340.293816
-70,70,340.380175
-81,81,340.483441
-190,190,340.718749
-599,200,340.966946
-599,200,341.208287
-599,200,341.458449
-599,200,341.704465
-599,200,341.951518
-113,113,342.090735
-599,200,342.340263
-113,113,342.474514
-599,200,342.727715
-599,200,342.984444
-46,46,343.044707
-599,200,343.289856
-599,200,343.537302
-599,200,343.783925
-599,200,344.042772
-98,98,344.16414
-87,87,344.2677
-86,86,344.377207
-4,4,344.379063
-599,200,344.639062
-599,200,344.885517
-599,200,345.1293
-599,200,345.388097
-113,113,345.533226
-599,200,345.781762
-86,86,345.888418
-78,78,345.983656
-599,200,346.229546
-599,200,346.482118
-599,200,346.737465
-599,200,346.988703
-105,105,347.123386
-599,200,347.365567
-599,200,347.61252
-599,200,347.868897
-599,200,348.111998
-76,76,348.200735
-94,94,348.349032
-599,200,348.590207
-42,42,348.649014
-50,50,348.7107
-599,200,348.96273
-196,196,349.195068
-182,182,349.426763
-599,200,349.669938
-16,16,349.685531
-54,54,349.757608
-599,200,350.005014
-37,37,350.045486
-599,200,350.307128
-599,200,350.548849
-36,36,350.596931
-599,200,350.848977
-35,35,350.888769
-599,200,351.134029
-599,200,351.3819
-20,20,351.405687
-599,200,351.652927
-95,95,351.776176
-599,200,352.034158
-599,200,352.275037
-599,200,352.528033
-187,187,352.762606
-599,200,353.011993
-180,180,353.234984
-599,200,353.48418
-599,200,353.734295
-599,200,353.989526
-60,60,354.064038
-30,30,354.109621
-144,144,354.284691
-3,3,354.286737
-28,28,354.321512
-599,200,354.570624
-57,57,354.646356
-4,4,354.648228
-105,105,354.783355
-599,200,355.032617
-18,18,355.049731
-599,200,355.309086
-2,2,355.317827
-599,200,355.562412
-143,143,355.735963
-599,200,355.986855
-599,200,356.228601
-3,3,356.230967
-37,37,356.27876
-181,181,356.51004
-15,15,356.531933
-599,200,356.788287
-11,11,356.801787
-599,200,357.048324
-121,121,357.199419
-10,10,357.211654
-10,10,357.223886
-83,83,357.321916
-599,200,357.573829
-599,200,357.827685
-84,84,357.930528
-599,200,358.185908
-44,44,358.243622
-4,4,358.24593
-3,3,358.255567
-140,140,358.430743
-599,200,358.679528
-599,200,358.928061
-28,28,358.964032
-148,148,359.144204
-172,172,359.354244
-599,200,359.608552
-599,200,359.855768
-599,200,360.110005
-599,200,360.360508
-599,200,360.605644
-119,119,360.754971
-599,200,361.041695
-599,200,361.349166
-63,63,361.435211
-66,66,361.513881
-599,200,361.831678
-42,42,361.890731
-599,200,362.234795
-24,24,362.282916
-158,158,362.522352
-9,9,362.527515
-599,200,362.815133
-14,14,362.837418
-5,5,362.840548
-45,45,362.899688
-45,45,362.955738
-599,200,363.220904
-96,96,363.347101
-52,52,363.441879
-68,68,363.569619
-599,200,363.909592
-599,200,364.161825
-599,200,364.426377
-25,25,364.454128
-101,101,364.598205
-106,106,364.732208
-133,133,364.919319
-599,200,365.183745
-599,200,365.492343
-103,103,365.637635
-599,200,365.905368
-35,35,365.944369
-599,200,366.211369
-599,200,366.470444
-117,117,366.620016
-599,200,366.879156
-599,200,367.134756
-30,30,367.172643
-599,200,367.424248
-599,200,367.707073
-198,198,367.979857
-599,200,368.224713
-35,35,368.263941
-39,39,368.315139
-31,31,368.353177
-599,200,368.615707
-599,200,368.86744
-113,113,369.014469
-124,124,369.168677
-152,152,369.35465
-74,74,369.452045
-102,102,369.577339
-60,60,369.652138
-91,91,369.775641
-165,165,369.97855
-599,200,370.226773
-599,200,370.475261
-59,59,370.549361
-599,200,370.802508
-92,92,370.916941
-105,105,371.055419
-156,157,371.248201
-599,200,371.501681
-599,200,371.751828
-599,200,372.00636
-599,200,372.258221
-599,200,372.521577
-599,200,372.796747
-80,80,372.914235
-599,200,373.206909
-193,193,373.475538
-599,200,373.744763
-599,200,374.001328
-599,200,374.248589
-15,15,374.264023
-71,71,374.361733
-599,200,374.6192
-5,5,374.622084
-599,200,374.87594
-74,74,374.971751
-61,61,375.058295
-599,200,375.313288
-4,4,375.316007
-599,200,375.569222
-599,200,375.828273
-64,64,375.905563
-62,62,375.987569
-599,200,376.245994
-599,200,376.49762
-599,200,376.752913
-30,30,376.791519
-31,31,376.831279
-84,84,376.935064
-599,200,377.191468
-41,41,377.249163
-599,200,377.53865
-599,200,377.826531
-599,200,378.081263
-68,68,378.16815
-3,3,378.169977
-120,120,378.324194
-62,62,378.399474
-599,200,378.654499
-599,200,378.916486
-119,119,379.068039
-179,179,379.292249
-599,200,379.549035
-52,52,379.624202
-13,13,379.648074
-105,105,379.796549
-599,200,380.076178
-599,200,380.35171
-599,200,380.610703
-599,200,380.880217
-599,200,381.124089
-599,200,381.374904
-196,196,381.629329
-599,200,381.880744
-141,141,382.053639
-41,41,382.105808
-136,136,382.27797
-599,200,382.540598
-46,46,382.602576
-599,200,382.895015
-6,6,382.906754
-38,38,382.959317
-48,48,383.023481
-156,156,383.227589
-56,56,383.300268
-599,200,383.576048
-599,200,383.83006
-22,22,383.85965
-117,117,384.00934
-42,42,384.060595
-164,164,384.265532
-48,48,384.327576
-2,2,384.329095
-599,200,384.586714
-41,41,384.639704
-599,200,384.923568
-599,200,385.173907
-599,200,385.429305
-37,37,385.478245
-599,200,385.724851
-123,123,385.879338
-51,51,385.952955
-15,15,385.977234
-599,200,386.264014
-5,5,386.268135
-32,32,386.319982
-599,200,386.593922
-599,200,386.852629
-599,200,387.10349
-599,200,387.406119
-599,200,387.662908
-107,107,387.791415
-599,200,388.045115
-183,183,388.280027
-599,200,388.524424
-599,200,388.769993
-599,200,389.021695
-189,189,389.353225
-599,200,389.607238
-2,2,389.616316
-599,200,389.912087
-77,77,390.004011
-30,30,390.041378
-599,200,390.341831
-85,85,390.478116
-106,106,390.618415
-599,200,390.90503
-599,200,391.159109
-599,200,391.410921
-599,200,391.659387
-138,138,391.8419
-56,56,391.926345
-599,200,392.189391
-599,200,392.444715
-142,142,392.618178
-599,200,392.882634
-599,200,393.172993
-75,75,393.268579
-599,200,393.55986
-51,51,393.624818
-174,174,393.866948
-83,83,393.973887
-599,200,394.227388
-193,193,394.471933
-599,200,394.718487
-599,200,394.999647
-52,52,395.079202
-80,80,395.177957
-599,200,395.464369
-126,126,395.635339
-599,200,395.898147
-599,200,396.152151
-71,71,396.250575
-39,39,396.292984
-599,200,396.5513
-3,3,396.561096
-42,42,396.620056
-74,74,396.722774
-599,200,396.983917
-599,200,397.292809
-599,200,397.580447
-599,200,397.847182
-13,13,397.869869
-135,135,398.037666
-2,2,398.038794
-8,8,398.049584
-109,109,398.184078
-65,65,398.267425
-599,200,398.512262
-599,200,398.800926
-599,200,399.087578
-599,200,399.387955
-599,200,399.650037
-599,200,399.901048
-599,200,400.16296
-88,88,400.282859
-599,200,400.595083
-142,142,400.812097
-599,200,401.092942
-13,13,401.113213
-67,67,401.218675
-124,124,401.419387
-599,200,401.682429
-199,199,402.044104
-599,200,402.451508
-599,200,402.800477
-599,200,403.075915
-599,200,403.34782
-599,200,403.611847
-599,200,403.864172
-599,200,404.119822
-3,3,404.121456
-91,91,404.243526
-19,19,404.270767
-5,5,404.280257
-599,200,404.534307
-47,47,404.607601
-599,200,404.858478
-599,200,405.127071
-15,15,405.151241
-599,200,405.413331
-20,20,405.442674
-10,10,405.457053
-39,39,405.512418
-68,68,405.614397
-599,200,405.88236
-599,200,406.150588
-144,144,406.328561
-24,24,406.357793
-99,99,406.484833
-196,196,406.838746
-32,32,406.889475
-599,200,407.152493
-57,57,407.227524
-599,200,407.485434
-127,127,407.639188
-599,200,407.894017
-134,134,408.090147
-599,200,408.461583
-103,103,408.610472
-599,200,408.883075
-599,200,409.14998
-599,200,409.439212
-599,200,409.727333
-17,17,409.752766
-148,148,409.946393
-3,3,409.948489
-599,200,410.240285
-599,200,410.586535
-2,2,410.589537
-97,97,410.753323
-51,51,410.822607
-19,19,410.8485
-599,200,411.102981
-3,3,411.10509
-181,181,411.331387
-4,4,411.340569
-62,62,411.414865
-182,182,411.721528
-599,200,412.132181
-599,200,412.441045
-599,200,412.748557
-599,200,413.004181
-599,200,413.261918
-165,165,413.485086
-100,100,413.610385
-90,90,413.727265
-599,200,413.982255
-122,122,414.140264
-599,200,414.394024
-188,188,414.651997
-599,200,414.930107
-131,131,415.14822
-23,23,415.184949
-82,82,415.290788
-74,74,415.388386
-14,14,415.402777
-599,200,415.679538
-17,17,415.706184
-599,200,415.97155
-599,200,416.229563
-2,2,416.23126
-599,200,416.501007
-599,200,416.762643
-114,114,416.905861
-36,36,416.957555
-599,200,417.231476
-135,135,417.416307
-152,152,417.628426
-171,171,417.864921
-3,3,417.867119
-25,25,417.902345
-599,200,418.182853
-599,200,418.491794
-599,200,418.761119
-599,200,419.036515
-22,22,419.073399
-5,5,419.076253
-599,200,419.336413
-599,200,419.606637
-40,40,419.658288
-11,11,419.672486
-173,173,419.907979
-61,61,419.986305
-599,200,420.25447
-141,141,420.437383
-599,200,420.708809
-118,118,420.880963
-599,200,421.156654
-4,4,421.15936
-166,166,421.39651
-599,200,421.667117
-599,200,421.939199
-20,20,421.96587
-20,20,421.990829
-599,200,422.260531
-599,200,422.557448
-110,110,422.705612
-199,199,422.974262
-599,200,423.278658
-158,158,423.500685
-23,23,423.542739
-125,125,423.70357
-599,200,423.977978
-183,183,424.230038
-132,132,424.41209
-19,19,424.430202
-599,200,424.686248
-599,200,424.94781
-599,200,425.234181
-186,186,425.475805
-599,200,425.775234
-599,200,426.061961
-58,58,426.140447
-599,200,426.401204
-194,194,426.678219
-599,200,426.980235
-51,51,427.05077
-132,132,427.235587
-599,200,427.496066
-599,200,427.759666
-599,200,428.05018
-103,103,428.181802
-153,153,428.386561
-2,2,428.388498
-599,200,428.65146
-113,113,428.805547
-10,10,428.818955
-84,84,428.925122
-5,5,428.935388
-599,200,429.209763
-189,189,429.469471
-599,200,429.739473
-181,181,429.981047
-599,200,430.237937
-599,200,430.498266
-599,200,430.757248
-22,22,430.784059
-599,200,431.052247
-599,200,431.403585
-599,200,431.725259
-599,200,432.025261
-67,67,432.123481
-192,192,432.375466
-173,173,432.604645
-599,200,432.857733
-599,200,433.120228
-46,46,433.205952
-105,105,433.351804
-58,58,433.425387
-599,200,433.678419
-91,91,433.804647
-171,171,434.023307
-599,200,434.306241
-24,24,434.339691
-599,200,434.605856
-599,200,434.862005
-71,71,434.962735
-599,200,435.236823
-599,200,435.533897
-18,18,435.552758
-4,4,435.564031
-129,129,435.733452
-599,200,435.98779
-23,23,436.016139
-599,200,436.274999
-187,187,436.548154
-37,37,436.595011
-9,9,436.608125
-3,3,436.618242
-599,200,436.876028
-86,86,436.987839
-599,200,437.254081
-69,69,437.3466
-147,147,437.540615
-97,97,437.662484
-3,3,437.67473
-599,200,437.951511
-599,200,438.230411
-89,89,438.342478
-47,47,438.39972
-72,72,438.50482
-599,200,438.765593
-115,115,438.916381
-22,22,438.950258
